{"name":"a1a6f3b6-6f0c-4ecc-aa2c-9141de6117bd","id":"/providers/Microsoft.Flow/flows/a1a6f3b6-6f0c-4ecc-aa2c-9141de6117bd","type":"Microsoft.Flow/flows","properties":{"apiId":"/providers/Microsoft.PowerApps/apis/shared_logicflows","displayName":"CreatePPEApprovalWorkflow","definition":{"metadata":{"workflowEntityId":null,"processAdvisorMetadata":null,"flowChargedByPaygo":null,"flowclientsuspensionreason":"None","flowclientsuspensiontime":null,"flowclientsuspensionreasondetails":null,"creator":{"id":"af2e4e8c-6cba-417b-ad3e-041e111104f4","type":"User","tenantId":"e88fcd6b-7eb7-4e10-afc2-b0a57f9d50bd"},"provisioningMethod":"FromDefinition","failureAlertSubscription":true,"clientLastModifiedTime":"2025-10-23T08:33:22.1097946Z","connectionKeySavedTimeKey":"2025-10-23T08:33:22.1097946Z","creationSource":"Portal","modifiedSources":"Portal"},"$schema":"https://schema.management.azure.com/providers/Microsoft.Logic/schemas/2016-06-01/workflowdefinition.json#","contentVersion":"1.0.0.0","parameters":{"$authentication":{"defaultValue":{},"type":"SecureObject"},"$connections":{"defaultValue":{},"type":"Object"}},"triggers":{"When_an_item_is_created":{"recurrence":{"frequency":"Minute","interval":1},"evaluatedRecurrence":{"frequency":"Minute","interval":1},"splitOn":"@triggerOutputs()?['body/value']","type":"OpenApiConnection","inputs":{"parameters":{"dataset":"https://liquigasportal.sharepoint.com/sites/HSE","table":"86ef4fa7-11f9-44cc-a411-d7ab39560381"},"host":{"apiId":"/providers/Microsoft.PowerApps/apis/shared_sharepointonline","connectionName":"shared_sharepointonline","operationId":"GetOnNewItems"},"authentication":"@parameters('$authentication')"}}},"actions":{"Initialize_BaseURL":{"runAfter":{},"type":"InitializeVariable","inputs":{"variables":[{"name":"BaseURL","type":"string"}]}},"Initialize_variable_1":{"runAfter":{"Initialize_BaseURL":["Succeeded"]},"type":"InitializeVariable","inputs":{"variables":[{"name":"Emails","type":"string"}]}},"Get_items":{"runAfter":{"Initialize_variable_2":["Succeeded"]},"type":"OpenApiConnection","inputs":{"parameters":{"dataset":"https://liquigasportal.sharepoint.com/sites/HSE","table":"ec1f2b51-9a24-4e9f-8853-e427a14692ac","$filter":"substringof('ppe', FormRecord/Title) or substringof('personal protective equipment', FormRecord/Title)","$top":1},"host":{"apiId":"/providers/Microsoft.PowerApps/apis/shared_sharepointonline","connectionName":"shared_sharepointonline","operationId":"GetItems"},"authentication":"@parameters('$authentication')"}},"For_each":{"foreach":"@outputs('Get_items')?['body/value']","actions":{"Get_items_1":{"type":"OpenApiConnection","inputs":{"parameters":{"dataset":"https://liquigasportal.sharepoint.com/sites/HSE","table":"907d1b4a-e89a-4fff-bd93-46b4a5e95b8c","$filter":"Title eq '@{items('For_each')?['FormRecord/Value']}'"},"host":{"apiId":"/providers/Microsoft.PowerApps/apis/shared_sharepointonline","connectionName":"shared_sharepointonline","operationId":"GetItems"},"authentication":"@parameters('$authentication')"}},"For_each_1":{"foreach":"@outputs('Get_items_1')?['body/value']","actions":{"Set_variable":{"type":"SetVariable","inputs":{"name":"BaseURL","value":"@items('For_each_1')?['HostingWebPartPath']"}}},"runAfter":{"Get_items_1":["Succeeded"]},"type":"Foreach"}},"runAfter":{"Get_items":["Succeeded"]},"type":"Foreach"},"Condition":{"actions":{"For_each_2":{"foreach":"@outputs('Get_items')?['body/value']","actions":{"Create_item":{"type":"OpenApiConnection","inputs":{"parameters":{"dataset":"https://liquigasportal.sharepoint.com/sites/HSE","table":"3fc7d6d3-5497-4c4b-930f-a083893a2803","item/IsFinalApprover":"@if(not(empty(first(body('Get_items')?['value'])?['SLA']?['Claims'])), false ,true)","item/PPEForm/Id":"@triggerBody()?['ID']","item/SignOffName":"@items('For_each_2')?['FLADN/Value']","item/Approver/Claims":"@first(body('Get_items')?['value'])?['FLA']?['Claims']","item/StatusRecord/Id":3,"item/FinalLevel":"@if(not(empty(first(body('Get_items')?['value'])?['FILA']?['Claims'])), 5, if(not(empty(first(body('Get_items')?['value'])?['FOLA']?['Claims'])), 4, if(not(empty(first(body('Get_items')?['value'])?['TLA']?['Claims'])), 3, if(not(empty(first(body('Get_items')?['value'])?['SLA']?['Claims'])), 2, if(not(empty(first(body('Get_items')?['value'])?['FLA']?['Claims'])), 1, 0)))))","item/OrderRecord":1},"host":{"apiId":"/providers/Microsoft.PowerApps/apis/shared_sharepointonline","connectionName":"shared_sharepointonline","operationId":"PostItem"},"authentication":"@parameters('$authentication')"}},"Send_an_HTTP_request_to_SharePoint":{"runAfter":{"Create_item":["Succeeded"]},"type":"OpenApiConnection","inputs":{"parameters":{"dataset":"https://liquigasportal.sharepoint.com/sites/HSE","parameters/method":"GET","parameters/uri":"_api/web/sitegroups/getbyname('@{outputs('Create_item')?['body/Approver/DisplayName']}')/users"},"host":{"apiId":"/providers/Microsoft.PowerApps/apis/shared_sharepointonline","connectionName":"shared_sharepointonline","operationId":"HttpRequest"},"authentication":"@parameters('$authentication')"}},"Parse_JSON":{"runAfter":{"Send_an_HTTP_request_to_SharePoint":["Succeeded"]},"type":"ParseJson","inputs":{"content":"@body('Send_an_HTTP_request_to_SharePoint')","schema":{"type":"object","properties":{"d":{"type":"object","properties":{"results":{"type":"array","items":{"type":"object","properties":{"Id":{"type":"integer"},"Title":{"type":"string"},"Email":{"type":"string"},"LoginName":{"type":"string"},"UserPrincipalName":{"type":"string"}},"required":["Id","Title","Email","LoginName"]}}}}}}}},"Apply_to_each":{"foreach":"@body('Parse_JSON')?['d']?['results']","actions":{"Append_to_string_variable":{"type":"AppendToStringVariable","inputs":{"name":"Emails","value":"@concat(item()?['Email'], ';')"}},"Append_to_string_variable_1":{"runAfter":{"Append_to_string_variable":["Succeeded"]},"type":"AppendToStringVariable","inputs":{"name":"Claims","value":"@concat(item()?['LoginName'], ';')"}}},"runAfter":{"Parse_JSON":["Succeeded"]},"type":"Foreach"},"Compose":{"runAfter":{"Apply_to_each":["Succeeded"]},"type":"Compose","inputs":"@split(variables('Claims'), ';')"},"Filter_array":{"runAfter":{"Compose":["Succeeded"]},"type":"Query","inputs":{"from":"@outputs('Compose')","where":"@not(equals(item(),''))"}},"Apply_to_each_1":{"foreach":"@body('Filter_array')","actions":{"Append_to_array_variable":{"type":"AppendToArrayVariable","inputs":{"name":"varClaimsArray","value":{"Claims":"@{items('Apply_to_each_1')}"}}}},"runAfter":{"Filter_array":["Succeeded"]},"type":"Foreach"},"Update_item":{"runAfter":{"Apply_to_each_1":["Succeeded"]},"type":"OpenApiConnection","inputs":{"parameters":{"dataset":"https://liquigasportal.sharepoint.com/sites/HSE","table":"3fc7d6d3-5497-4c4b-930f-a083893a2803","id":"@outputs('Create_item')?['body/ID']","item/IsFinalApprover":false,"item/ApproversName":"@variables('varClaimsArray')"},"host":{"apiId":"/providers/Microsoft.PowerApps/apis/shared_sharepointonline","connectionName":"shared_sharepointonline","operationId":"PatchItem"},"authentication":"@parameters('$authentication')"}},"Update_item_1":{"runAfter":{"Update_item":["Succeeded"]},"type":"OpenApiConnection","inputs":{"parameters":{"dataset":"https://liquigasportal.sharepoint.com/sites/HSE","table":"86ef4fa7-11f9-44cc-a411-d7ab39560381","id":"@triggerBody()?['ID']","item/WorkflowStatus":"Pending"},"host":{"apiId":"/providers/Microsoft.PowerApps/apis/shared_sharepointonline","connectionName":"shared_sharepointonline","operationId":"PatchItem"},"authentication":"@parameters('$authentication')"}},"Send_an_email_(V2)_1":{"runAfter":{"Update_item_1":["Succeeded"]},"metadata":{"operationMetadataId":"c158b205-da28-4618-9e01-c0bf31b8479a"},"type":"OpenApiConnection","inputs":{"parameters":{"emailMessage/To":"@variables('Emails')","emailMessage/Subject":"PPE Form Request _@{outputs('Update_item_1')?['body/EmployeeRecord/Value']}","emailMessage/Body":"\n  \n    <p>Dear <b>Team Member</b>,</p>\n    <p>You have a new PPE requisition update:</p>\n\n    <table cellpadding=\"0\" cellspacing=\"0\" style=\"border-collapse: collapse; max-width: 600px;\">\n      <tbody><tr>\n        <td style=\"padding: 20px;\">\n          <table cellpadding=\"0\" cellspacing=\"0\">\n            <tbody><tr>\n              <td style=\"font-size: 18px; font-weight: bold; color: #004085;\">\n                🦺 PPE Request Summary\n              </td>\n            </tr>\n            <tr>\n              <td style=\"padding-top: 10px; font-size: 14px;\">\n                <p><b>Reference Number:</b> @{outputs('Update_item_1')?['body/CoralReferenceNumber']}</p>\n                <p><b>Requester:</b> @{triggerBody()?['RequesterName/DisplayName']}</p>\n                <p><b>Department:</b> @{triggerBody()?['DepartmentRecord/Value']}</p>\n                <p> <b>Status:</b><span style=\"color: #FB8F00; font-weight: bold;\"> ● Pending </span>\n                </p>\n              </td>\n            </tr>\n            <tr>\n              <td style=\"padding-top: 15px; text-align: center;\">\n                <a href=\"@{variables('BaseURl')}@{outputs('Create_item')?['body/PPEForm/Value']}\" style=\"background-color: #DF292B; color: #ffffff; text-decoration: none; \n                          padding: 10px 25px; border-radius: 5px; font-weight: bold; display: inline-block;\">\n                  REVIEW PPE REQUEST\n                </a>\n              </td>\n            </tr>\n          </tbody></table>\n        </td>\n      </tr>\n    </tbody></table>\n\n    <p style=\"font-style: italic; color: #215c4a; font-size: 14px; margin-top: 20px;\">\n      Safety is not an option but a commitment to ourselves, the public, and the environment.\n    </p>\n    \n","emailMessage/Importance":"Normal"},"host":{"apiId":"/providers/Microsoft.PowerApps/apis/shared_office365","connectionName":"shared_office365-1","operationId":"SendEmailV2"},"authentication":"@parameters('$authentication')"}}},"type":"Foreach"}},"runAfter":{"For_each":["Succeeded"]},"else":{"actions":{}},"expression":{"and":[{"equals":["@length(body('Get_items')?['value'])",1]}]},"type":"If"},"Initialize_variable":{"runAfter":{"Initialize_variable_1":["Succeeded"]},"type":"InitializeVariable","inputs":{"variables":[{"name":"Claims","type":"string"}]}},"Initialize_variable_2":{"runAfter":{"Initialize_variable":["Succeeded"]},"type":"InitializeVariable","inputs":{"variables":[{"name":"varClaimsArray","type":"array"}]}}},"outputs":{},"description":""},"connectionReferences":{"shared_sharepointonline":{"connectionName":"95e110c78ef24ecfba667955d1c2f9f3","source":"Embedded","id":"/providers/Microsoft.PowerApps/apis/shared_sharepointonline","tier":"NotSpecified","apiName":"sharepointonline","isProcessSimpleApiReferenceConversionAlreadyDone":false},"shared_office365-1":{"connectionName":"shared-office365-74526e0b-7719-4247-b280-7b5f9821f3ee","source":"Embedded","id":"/providers/Microsoft.PowerApps/apis/shared_office365","tier":"NotSpecified","apiName":"office365","isProcessSimpleApiReferenceConversionAlreadyDone":false}},"flowFailureAlertSubscribed":false,"isManaged":false}}