{"name":"5b0b7c01-e98c-4758-b25e-f4e3a954c0d3","id":"/providers/Microsoft.Flow/flows/5b0b7c01-e98c-4758-b25e-f4e3a954c0d3","type":"Microsoft.Flow/flows","properties":{"apiId":"/providers/Microsoft.PowerApps/apis/shared_logicflows","displayName":"PTW Form - On Reneweal PTW","definition":{"metadata":{"workflowEntityId":null,"processAdvisorMetadata":null,"flowChargedByPaygo":null,"flowclientsuspensionreason":"None","flowclientsuspensiontime":null,"flowclientsuspensionreasondetails":null,"creator":{"id":"af2e4e8c-6cba-417b-ad3e-041e111104f4","type":"User","tenantId":"e88fcd6b-7eb7-4e10-afc2-b0a57f9d50bd"},"provisioningMethod":"FromDefinition","failureAlertSubscription":true,"clientLastModifiedTime":"2025-11-21T09:06:19.0411448Z","connectionKeySavedTimeKey":"2025-11-21T09:06:19.0411448Z","creationSource":null,"modifiedSources":"Portal"},"$schema":"https://schema.management.azure.com/providers/Microsoft.Logic/schemas/2016-06-01/workflowdefinition.json#","contentVersion":"1.0.0.0","parameters":{"$authentication":{"defaultValue":{},"type":"SecureObject"},"$connections":{"defaultValue":{},"type":"Object"}},"triggers":{"When_an_item_or_a_file_is_modified":{"recurrence":{"frequency":"Minute","interval":5},"evaluatedRecurrence":{"frequency":"Minute","interval":5},"splitOn":"@triggerOutputs()?['body/value']","metadata":{"operationMetadataId":"ee22d042-e1b4-43ae-a6ce-295c7e76ce9b"},"type":"OpenApiConnection","inputs":{"parameters":{"dataset":"https://liquigasportal.sharepoint.com/sites/HSE","table":"63782343-9e1b-4414-8991-a09dcfe327c0"},"host":{"apiId":"/providers/Microsoft.PowerApps/apis/shared_sharepointonline","connectionName":"shared_sharepointonline_1","operationId":"GetOnChangedItems"},"authentication":"@parameters('$authentication')"}}},"actions":{"Get_items_from_PTW_Form_Work_Permits":{"runAfter":{},"metadata":{"operationMetadataId":"52682a5f-4d0a-4eb5-ae58-2e2d29f1e964"},"type":"OpenApiConnection","inputs":{"parameters":{"dataset":"https://liquigasportal.sharepoint.com/sites/HSE","table":"a61b0f3f-cc93-4832-982a-403e95fd715c","$filter":"PTWForm/Id eq @{triggerBody()?['ID']} and StatusRecord eq 'New'"},"host":{"apiId":"/providers/Microsoft.PowerApps/apis/shared_sharepointonline","connectionName":"shared_sharepointonline_1","operationId":"GetItems"},"authentication":"@parameters('$authentication')"}},"Initialize_variable":{"runAfter":{"Get_items_from_PTW_Form_Work_Permits":["Succeeded"]},"metadata":{"operationMetadataId":"9fcc0576-8b0e-4d63-8caf-51a5d77f2744"},"type":"InitializeVariable","inputs":{"variables":[{"name":"WebHostingURL","type":"string"}]}},"Get_items_coral_forms_list":{"runAfter":{"Initialize_variable":["Succeeded"]},"metadata":{"operationMetadataId":"bc1af1ab-fa0c-4aa9-b616-29f01e0e900d"},"type":"OpenApiConnection","inputs":{"parameters":{"dataset":"https://liquigasportal.sharepoint.com/sites/HSE","table":"907d1b4a-e89a-4fff-bd93-46b4a5e95b8c","$filter":"Title eq 'Permit To Work (PTW) Form'"},"host":{"apiId":"/providers/Microsoft.PowerApps/apis/shared_sharepointonline","connectionName":"shared_sharepointonline_1","operationId":"GetItems"},"authentication":"@parameters('$authentication')"}},"For_each":{"foreach":"@outputs('Get_items_coral_forms_list')?['body/value']","actions":{"Set_variable":{"metadata":{"operationMetadataId":"a113883f-2dd2-467b-96b9-acd61225eddc"},"type":"SetVariable","inputs":{"name":"WebHostingURL","value":"@items('For_each')?['HostingWebPartPath']"}}},"runAfter":{"Get_items_coral_forms_list":["Succeeded"]},"metadata":{"operationMetadataId":"8fe337d8-9053-4f59-b93b-ef53d41c01b3"},"type":"Foreach"},"Get_changes_for_an_item_or_a_file_(properties_only)":{"runAfter":{"For_each":["Succeeded"]},"metadata":{"operationMetadataId":"378ba6fa-91f1-418b-844b-7f8d3724dcb1"},"type":"OpenApiConnection","inputs":{"parameters":{"dataset":"https://liquigasportal.sharepoint.com/sites/HSE","table":"63782343-9e1b-4414-8991-a09dcfe327c0","id":"@triggerBody()?['ID']","since":"@triggerBody()?['{TriggerWindowStartToken}']","includeDrafts":false,"view":"b081bc6e-ab55-429b-9dd6-402e5c61a2fd"},"host":{"apiId":"/providers/Microsoft.PowerApps/apis/shared_sharepointonline","connectionName":"shared_sharepointonline_1","operationId":"GetItemChanges"},"authentication":"@parameters('$authentication')"}},"Condition":{"actions":{"Condition_1":{"actions":{"For_each_1":{"foreach":"@outputs('Get_items_from_PTW_Form_Work_Permits')?['body/value']","actions":{"Send_an_email_an_email_for_PI_1":{"metadata":{"operationMetadataId":"cf12c6e3-8f81-446a-b8aa-3d48a39c0071"},"type":"OpenApiConnection","inputs":{"parameters":{"emailMessage/To":"@items('For_each_1')?['PIApprover/Email']","emailMessage/Subject":"@{triggerBody()?['PTWForm_x003a__x0020_Coral_x0020/Value']}_@{triggerBody()?['ProjectTitle']}_@{triggerBody()?['WorkflowStatus/Value']}","emailMessage/Body":"<table cellpadding=\"0\" cellspacing=\"0\">\n<tbody><tr>\n<td style=\"padding:28px 12px;\">\n<!-- Outer card -->\n<table cellpadding=\"0\" cellspacing=\"0\" style=\"width:640px;max-width:640px;background:#ffffff;border:1px solid #e1e4e8;border-radius:8px;overflow:hidden;\">\n<!-- Header -->\n<tbody><tr>\n<td style=\"padding:24px 32px 8px 32px;font-size:14px;color:#444;\">\n</td>\n</tr>\n<!-- Body two-column -->\n<tr>\n<td style=\"padding:8px 32px 8px 32px;\">\n<table cellpadding=\"0\" cellspacing=\"0\">\n<tbody><tr>\n<!-- Left column -->\n<td style=\"width:60%;padding-right:24px;font-size:14px;color:#222;line-height:1.5;\">\n<p style=\"margin:0 0 16px 0;\">Dear <strong>@{triggerBody()?['PIApprover/DisplayName']}</strong>,</p>\n</td></tr><tr>\n        <td style=\"font-size:14px;color:#222;\">You have a new PTW update:</td>\n    <td style=\"width:60px;\">\n      <img src=\"SiteAssets/ptw-logo.png\" alt=\"PTW Logo\" width=\"90\" height=\"90\" style=\"border:0;width: 90px;height: 90px;display: block;\">\n    </td>\n  </tr>\n\n</tbody></table><table cellpadding=\"0\" cellspacing=\"0\" style=\"width:100%;font-size:14px;color:#222;\">\n<tbody><tr>\n<td style=\"padding:4px 0;width:160px;color:#555;\">Reference Num:</td>\n<td style=\"padding:4px 0;\"><strong style=\"font-size:15px;\">@{triggerBody()?['PTWForm_x003a__x0020_Coral_x0020/Value']}</strong></td>\n</tr>\n<tr>\n<td style=\"padding:4px 0;color:#555;\">Permit Originator (PO):</td>\n<td style=\"padding:4px 0;\">@{triggerBody()?['PermitOriginator/DisplayName']}</td>\n</tr>\n<tr>\n<td style=\"padding:4px 0;color:#555;\">Asset Details:</td>\n<td style=\"padding:4px 0;\">@{triggerBody()?['AssetDetails/Value']}</td>\n</tr>\n<tr>\n<td style=\"padding:4px 0;color:#555;\">HAC Zone:</td>\n<td style=\"padding:4px 0;\">@{triggerBody()?['HACClassificationWorkArea/Value']}</td>\n</tr>\n<tr>\n<td style=\"padding:4px 0;color:#555;\">Status:</td>\n<td style=\"padding:4px 0;font-weight:600;color:#000;\">Renewal</td>\n</tr>\n</tbody></table>\n\n<div style=\"margin:24px 0 28px 0;\">\n<!-- Button -->\n<a href=\"@{variables('WebHostingURL')}@{triggerBody()?['ID']}\" style=\"background:#eaa143;color:#ffffff;text-decoration:none;font-size:14px;font-weight:600;padding:12px 24px;border-radius:4px;display: flex;justify-content: center;\">\n  Review Request\n</a>\n</div>\n<p style=\"margin: 0 0 18px 0;font-size: 13px;color: #eaa143;display: flex;justify-content: center;\">\nSafety is not an option but a commitment towards ourselves, the public and environment.\n</p>\n\n<div style=\"margin:0 0 12px 0;font-size:12px;color:#555;display: flex;align-items: flex-start;justify-content: center;\">\nYou are receiving this email because you are part of the PTW workflow. Do not reply to this automated message.\n</div>\n</td></tr>\n</tbody></table>\n</td></tr></tbody></table>\n\n\n\n\n\n","emailMessage/Cc":"HSE@liquigasportal.onmicrosoft.com","emailMessage/Importance":"Normal"},"host":{"apiId":"/providers/Microsoft.PowerApps/apis/shared_office365","connectionName":"shared_office365_1","operationId":"SendEmailV2"},"authentication":"@parameters('$authentication')"}}},"runAfter":{"Update_ToRenewPermit_to_No":["Succeeded"]},"metadata":{"operationMetadataId":"13d07362-ca1c-4928-aef2-9a115f5d7f37"},"type":"Foreach"},"Update_ToRenewPermit_to_No":{"metadata":{"operationMetadataId":"3197ab93-b7e7-4bd6-b524-af01e5aee011"},"type":"OpenApiConnection","inputs":{"parameters":{"dataset":"https://liquigasportal.sharepoint.com/sites/HSE","parameters/method":"POST","parameters/uri":"_api/web/lists/GetByTitle('PTW_Form')/items(@{triggerBody()?['ID']})","parameters/headers":{"Accept":"application/json;odata=verbose","Content-Type":"application/json;odata=verbose","IF-MATCH":"*","X-HTTP-Method":"MERGE"},"parameters/body":"{\n  \"__metadata\": { \"type\": \"SP.Data.PTWFormListItem\" },\n  \"ToRenewPermit\":false\n}\n"},"host":{"apiId":"/providers/Microsoft.PowerApps/apis/shared_sharepointonline","connectionName":"shared_sharepointonline_1","operationId":"HttpRequest"},"authentication":"@parameters('$authentication')"}}},"else":{"actions":{"Terminate_2":{"metadata":{"operationMetadataId":"7d35c4f0-b255-485a-bb83-770b90dfc82f"},"type":"Terminate","inputs":{"runStatus":"Cancelled"}}}},"expression":{"and":[{"equals":["@triggerBody()?['ToRenewPermit']","@true"]}]},"metadata":{"operationMetadataId":"4d84d6ef-02ae-4375-aaae-67254b9e7538"},"type":"If"}},"runAfter":{"Get_changes_for_an_item_or_a_file_(properties_only)":["Succeeded"]},"else":{"actions":{"Terminate":{"metadata":{"operationMetadataId":"3759b10e-1856-426b-8998-b5c0ce99a8e9"},"type":"Terminate","inputs":{"runStatus":"Cancelled"}}}},"expression":{"and":[{"equals":["@outputs('Get_changes_for_an_item_or_a_file_(properties_only)')?['body/ColumnHasChanged/ToRenewPermit']","@true"]}]},"metadata":{"operationMetadataId":"d5bd68d4-6cd8-4161-8a00-9baf8f8ddadf"},"type":"If"}},"outputs":{}},"connectionReferences":{"shared_sharepointonline_1":{"connectionName":"shared-sharepointonl-f39fb511-2449-490d-95af-d97f6f4ff661","source":"Embedded","id":"/providers/Microsoft.PowerApps/apis/shared_sharepointonline","tier":"NotSpecified","apiName":"sharepointonline","isProcessSimpleApiReferenceConversionAlreadyDone":false},"shared_office365_1":{"connectionName":"shared-office365-74526e0b-7719-4247-b280-7b5f9821f3ee","source":"Embedded","id":"/providers/Microsoft.PowerApps/apis/shared_office365","tier":"NotSpecified","apiName":"office365","isProcessSimpleApiReferenceConversionAlreadyDone":false}},"flowFailureAlertSubscribed":false,"isManaged":false}}