{"name":"2d70a529-60dc-4599-b05e-b37d4eff0fb9","id":"/providers/Microsoft.Flow/flows/2d70a529-60dc-4599-b05e-b37d4eff0fb9","type":"Microsoft.Flow/flows","properties":{"apiId":"/providers/Microsoft.PowerApps/apis/shared_logicflows","displayName":"PTW Form - When a work permit is created or modified","definition":{"metadata":{"workflowEntityId":null,"processAdvisorMetadata":null,"flowChargedByPaygo":null,"flowclientsuspensionreason":"None","flowclientsuspensiontime":null,"flowclientsuspensionreasondetails":null,"creator":{"id":"af2e4e8c-6cba-417b-ad3e-041e111104f4","type":"User","tenantId":"e88fcd6b-7eb7-4e10-afc2-b0a57f9d50bd"},"provisioningMethod":"FromDefinition","failureAlertSubscription":true,"clientLastModifiedTime":"2025-11-21T11:11:17.1508974Z","connectionKeySavedTimeKey":"2025-11-21T11:11:17.1508974Z","creationSource":null,"modifiedSources":"Portal"},"$schema":"https://schema.management.azure.com/providers/Microsoft.Logic/schemas/2016-06-01/workflowdefinition.json#","contentVersion":"1.0.0.0","parameters":{"$authentication":{"defaultValue":{},"type":"SecureObject"},"$connections":{"defaultValue":{},"type":"Object"}},"triggers":{"When_an_item_is_created":{"recurrence":{"frequency":"Minute","interval":5},"evaluatedRecurrence":{"frequency":"Minute","interval":5},"splitOn":"@triggerOutputs()?['body/value']","metadata":{"operationMetadataId":"dce58d6d-05bc-471f-8c6c-c20e441384f2"},"type":"OpenApiConnection","inputs":{"parameters":{"dataset":"https://liquigasportal.sharepoint.com/sites/HSE","table":"a61b0f3f-cc93-4832-982a-403e95fd715c"},"host":{"apiId":"/providers/Microsoft.PowerApps/apis/shared_sharepointonline","connectionName":"shared_sharepointonline_1","operationId":"GetOnNewItems"},"authentication":"@parameters('$authentication')"}}},"actions":{"Get_items_from_PTW_Form":{"runAfter":{"Initialize_WebHostingURL_variable_":["Succeeded"]},"metadata":{"operationMetadataId":"f2d67a34-594b-46af-96eb-0e02c38b1787"},"type":"OpenApiConnection","inputs":{"parameters":{"dataset":"https://liquigasportal.sharepoint.com/sites/HSE","table":"63782343-9e1b-4414-8991-a09dcfe327c0","$filter":"ID eq @{triggerBody()?['PTWForm/Id']}","view":"829c7d37-10ad-49ca-b109-deabff1aeb80"},"host":{"apiId":"/providers/Microsoft.PowerApps/apis/shared_sharepointonline","connectionName":"shared_sharepointonline_1","operationId":"GetItems"},"authentication":"@parameters('$authentication')"}},"Get_items_from_PTW_Form_Approval_Workflow":{"runAfter":{"Get_items_from_PTW_Form":["Succeeded"]},"metadata":{"operationMetadataId":"7f91b468-b89a-43a4-ba81-50ce8e65b402"},"type":"OpenApiConnection","inputs":{"parameters":{"dataset":"https://liquigasportal.sharepoint.com/sites/HSE","table":"2ef86160-6267-4fbd-ab46-52d370a000ac","$filter":"PTWForm/Id eq @{triggerBody()?['PTWForm/Id']}"},"host":{"apiId":"/providers/Microsoft.PowerApps/apis/shared_sharepointonline","connectionName":"shared_sharepointonline_1","operationId":"GetItems"},"authentication":"@parameters('$authentication')"}},"Get_items_coral_forms_list":{"runAfter":{"Get_items_from_PTW_Form_Approval_Workflow":["Succeeded"]},"metadata":{"operationMetadataId":"bc1af1ab-fa0c-4aa9-b616-29f01e0e900d"},"type":"OpenApiConnection","inputs":{"parameters":{"dataset":"https://liquigasportal.sharepoint.com/sites/HSE","table":"907d1b4a-e89a-4fff-bd93-46b4a5e95b8c","$filter":"Title eq 'Permit To Work (PTW) Form'"},"host":{"apiId":"/providers/Microsoft.PowerApps/apis/shared_sharepointonline","connectionName":"shared_sharepointonline_1","operationId":"GetItems"},"authentication":"@parameters('$authentication')"}},"Initialize_Number_of_permits_variable":{"runAfter":{},"metadata":{"operationMetadataId":"c0f52ff2-badb-4e51-a446-baeccdfdf242"},"type":"InitializeVariable","inputs":{"variables":[{"name":"Numberofpermits","type":"float"}]}},"Initialize_WebHostingURL_variable_":{"runAfter":{"Initialize_Number_of_permits_variable":["Succeeded"]},"metadata":{"operationMetadataId":"67bc6da3-7a08-4624-9f59-ebb64507fcdf"},"type":"InitializeVariable","inputs":{"variables":[{"name":"WebHostingURL","type":"string"}]}},"For_each_2":{"foreach":"@outputs('Get_items_coral_forms_list')?['body/value']","actions":{"Set_WebHostingURL_variable":{"metadata":{"operationMetadataId":"57b33c48-180b-4bba-a99d-122ad6660437"},"type":"SetVariable","inputs":{"name":"WebHostingURL","value":"@items('For_each_2')?['HostingWebPartPath']"}}},"runAfter":{"Get_items_coral_forms_list":["Succeeded"]},"metadata":{"operationMetadataId":"243ef53a-c8b9-4d2d-9513-eb0a840e382f"},"type":"Foreach"},"For_each":{"foreach":"@outputs('Get_items_from_PTW_Form')?['body/value']","actions":{"Set_Number_of_permits_variable":{"metadata":{"operationMetadataId":"9efd20e2-275a-4644-8105-bbd18abef441"},"type":"SetVariable","inputs":{"name":"Numberofpermits","value":"@items('For_each')?['PermitsValidityDays']"}}},"runAfter":{"For_each_2":["Succeeded"]},"metadata":{"operationMetadataId":"3199c20b-94cc-4e27-af82-11c903971493"},"type":"Foreach"},"Delay_Until":{"runAfter":{"For_each":["Succeeded"]},"metadata":{"operationMetadataId":"1657a260-e5f2-414c-b877-4f76d3564629"},"type":"Wait","inputs":{"until":{"timestamp":"@triggerBody()?['PermitEndTime']"}}},"For_each_6":{"foreach":"@outputs('Get_items_from_PTW_Form_Approval_Workflow')?['body/value']","actions":{"Condition_1":{"actions":{"Update_item_2_1":{"metadata":{"operationMetadataId":"0c9e2eb6-e41d-48e4-80d4-558a398ac847"},"type":"OpenApiConnection","inputs":{"parameters":{"dataset":"https://liquigasportal.sharepoint.com/sites/HSE","table":"a61b0f3f-cc93-4832-982a-403e95fd715c","id":"@triggerBody()?['ID']","item/RecordOrder":"@triggerBody()?['RecordOrder']","item/StatusRecord/Value":"Closed"},"host":{"apiId":"/providers/Microsoft.PowerApps/apis/shared_sharepointonline","connectionName":"shared_sharepointonline_1","operationId":"PatchItem"},"authentication":"@parameters('$authentication')"}},"Update_item_4":{"runAfter":{"Update_item_2_1":["Succeeded"]},"metadata":{"operationMetadataId":"42f050dd-a54c-4aed-a265-9ba383e22f38"},"type":"OpenApiConnection","inputs":{"parameters":{"dataset":"https://liquigasportal.sharepoint.com/sites/HSE","table":"2ef86160-6267-4fbd-ab46-52d370a000ac","id":"@items('For_each_6')?['ID']","item/IsAssetDirectorReplacer":"@items('For_each_6')?['IsAssetDirectorReplacer']","item/IsHSEDirectorReplacer":"@items('For_each_6')?['IsHSEDirectorReplacer']","item/Stage/Value":"Permanently Closed"},"host":{"apiId":"/providers/Microsoft.PowerApps/apis/shared_sharepointonline","connectionName":"shared_sharepointonline_1","operationId":"PatchItem"},"authentication":"@parameters('$authentication')"}},"For_each_7":{"foreach":"@outputs('Get_items_from_PTW_Form')?['body/value']","actions":{"Update_Status_to_become_Permanently_Closed":{"metadata":{"operationMetadataId":"3197ab93-b7e7-4bd6-b524-af01e5aee011"},"type":"OpenApiConnection","inputs":{"parameters":{"dataset":"https://liquigasportal.sharepoint.com/sites/HSE","parameters/method":"POST","parameters/uri":"_api/web/lists/GetByTitle('PTW_Form')/items(@{items('For_each_7')?['ID']})","parameters/headers":{"Accept":"application/json;odata=verbose","Content-Type":"application/json;odata=verbose","IF-MATCH":"*","X-HTTP-Method":"MERGE"},"parameters/body":"{\n  \"__metadata\": { \"type\": \"SP.Data.PTWFormListItem\" },\n  \"WorkflowStatus\": \"Permanently Closed\"\n}"},"host":{"apiId":"/providers/Microsoft.PowerApps/apis/shared_sharepointonline","connectionName":"shared_sharepointonline_1","operationId":"HttpRequest"},"authentication":"@parameters('$authentication')"}}},"runAfter":{"Update_item_4":["Succeeded"]},"metadata":{"operationMetadataId":"c54e0a29-d5f3-415b-b476-cc9ad0465d15"},"type":"Foreach"}},"runAfter":{"Get_item_1":["Succeeded"]},"else":{"actions":{"Get_item":{"metadata":{"operationMetadataId":"a0eb0125-a34e-41bd-9eda-30b45a7998e4"},"type":"OpenApiConnection","inputs":{"parameters":{"dataset":"https://liquigasportal.sharepoint.com/sites/HSE","table":"a61b0f3f-cc93-4832-982a-403e95fd715c","id":"@triggerBody()?['ID']"},"host":{"apiId":"/providers/Microsoft.PowerApps/apis/shared_sharepointonline","connectionName":"shared_sharepointonline_1","operationId":"GetItem"},"authentication":"@parameters('$authentication')"}},"Update_item_2":{"runAfter":{"Get_item":["Succeeded"]},"metadata":{"operationMetadataId":"775c4707-6dbb-43ff-a2c0-cfae3bc34797"},"type":"OpenApiConnection","inputs":{"parameters":{"dataset":"https://liquigasportal.sharepoint.com/sites/HSE","table":"a61b0f3f-cc93-4832-982a-403e95fd715c","id":"@triggerBody()?['ID']","item/RecordOrder":"@triggerBody()?['RecordOrder']","item/StatusRecord/Value":"Closed"},"host":{"apiId":"/providers/Microsoft.PowerApps/apis/shared_sharepointonline","connectionName":"shared_sharepointonline_1","operationId":"PatchItem"},"authentication":"@parameters('$authentication')"}},"Check_if_first_permit":{"actions":{"Check_If_NUmber_of_permits_finished_1":{"actions":{"For_each_1":{"foreach":"@outputs('Get_items_from_PTW_Form')?['body/value']","actions":{"Send_an_email_(V2)_3":{"metadata":{"operationMetadataId":"61051d3b-4914-4a58-a19d-a5aa4b80885e"},"type":"OpenApiConnection","inputs":{"parameters":{"emailMessage/To":"@items('For_each_1')?['PermitOriginator/Email']","emailMessage/Subject":"@{items('For_each_1')?['CoralReferenceNumber']}_@{items('For_each_1')?['ProjectTitle']}_PTW-Form Closure","emailMessage/Body":"<table cellpadding=\"0\" cellspacing=\"0\">\n<tbody><tr>\n<td style=\"padding:28px 12px;\">\n<!-- Outer card -->\n<table cellpadding=\"0\" cellspacing=\"0\" style=\"width:640px;max-width:640px;background:#ffffff;border:1px solid #e1e4e8;border-radius:8px;overflow:hidden;\">\n<!-- Header -->\n<tbody><tr>\n<td style=\"padding:24px 32px 8px 32px;font-size:14px;color:#444;\">\n</td>\n</tr>\n<!-- Body two-column -->\n<tr>\n<td style=\"padding:8px 32px 8px 32px;\">\n<table cellpadding=\"0\" cellspacing=\"0\">\n<tbody><tr>\n<!-- Left column -->\n<td style=\"width:60%;padding-right:24px;font-size:14px;color:#222;line-height:1.5;\">\n<p style=\"margin:0 0 16px 0;\">Dear <strong>@{items('For_each_1')?['PermitOriginator/DisplayName']}</strong>,</p>\n</td></tr><tr>\n        <td style=\"font-size:14px;color:#222;\">Your PTW request needs <strong style=\"color:#eaa143;\">Closure</strong></td>\n    <td style=\"width:60px;\">\n      <img src=\"SiteAssets/ptw-logo.png\" alt=\"PTW Logo\" width=\"90\" height=\"90\" style=\"border:0;width: 90px;height: 90px;display: block;\">\n    </td>\n  </tr>\n\n</tbody></table><table cellpadding=\"0\" cellspacing=\"0\" style=\"width:100%;font-size:14px;color:#222;\">\n<tbody><tr>\n<td style=\"padding:4px 0;width:160px;color:#555;\">Reference Num:</td>\n<td style=\"padding:4px 0;\"><strong style=\"font-size:15px;\">@{triggerBody()?['PTWForm_x003a__x0020_Coral_x0020/Value']}</strong></td>\n</tr>\n<tr>\n<td style=\"padding:4px 0;color:#555;\">Permit Originator (PO):</td>\n<td style=\"padding:4px 0;\">@{items('For_each_1')?['PermitOriginator/DisplayName']}</td>\n</tr>\n<tr>\n<td style=\"padding:4px 0;color:#555;\">Asset Details:</td>\n<td style=\"padding:4px 0;\">@{items('For_each_1')?['AssetDetails/Value']}</td>\n</tr>\n<tr>\n<td style=\"padding:4px 0;color:#555;\">HAC Zone:</td>\n<td style=\"padding:4px 0;\">@{items('For_each_1')?['HACClassificationWorkArea/Value']}</td>\n</tr>\n<tr>\n<td style=\"padding:4px 0;color:#555;\">Status:</td>\n<td style=\"padding:4px 0;font-weight:600;color:#000;\">Closure</td>\n</tr>\n</tbody></table>\n\n<div style=\"margin:24px 0 28px 0;\">\n<!-- Button -->\n<a href=\"@{variables('WebHostingURL')}@{items('For_each_1')?['ID']}\" style=\"background:#eaa143;color:#ffffff;text-decoration:none;font-size:14px;font-weight:600;padding:12px 24px;border-radius:4px;display: flex;justify-content: center;\">\n  Review Request\n</a>\n</div>\n<p style=\"margin: 0 0 18px 0;font-size: 13px;color: #eaa143;display: flex;justify-content: center;\">\nSafety is not an option but a commitment towards ourselves, the public and environment.\n</p>\n\n<div style=\"margin:0 0 12px 0;font-size:12px;color:#555;display: flex;align-items: flex-start;justify-content: center;\">\nYou are receiving this email because you are part of the PTW workflow. Do not reply to this automated message.\n</div>\n</td></tr>\n</tbody></table>\n</td></tr></tbody></table>\n\n\n\n\n\n","emailMessage/Importance":"Normal"},"host":{"apiId":"/providers/Microsoft.PowerApps/apis/shared_office365","connectionName":"shared_office365_1","operationId":"SendEmailV2"},"authentication":"@parameters('$authentication')"}}},"type":"Foreach"}},"else":{"actions":{"For_each_9":{"foreach":"@outputs('Get_items_from_PTW_Form')?['body/value']","actions":{"Send_an_email_(V2)_4":{"metadata":{"operationMetadataId":"6a7a86f4-b106-443d-a65e-2b4b738029f4"},"type":"OpenApiConnection","inputs":{"parameters":{"emailMessage/To":"@items('For_each_9')?['PermitOriginator/Email']","emailMessage/Subject":"@{items('For_each_9')?['CoralReferenceNumber']}_@{items('For_each_9')?['ProjectTitle']}_Renew","emailMessage/Body":"<table cellpadding=\"0\" cellspacing=\"0\">\n<tbody><tr>\n<td style=\"padding:28px 12px;\">\n<!-- Outer card -->\n<table cellpadding=\"0\" cellspacing=\"0\" style=\"width:640px;max-width:640px;background:#ffffff;border:1px solid #e1e4e8;border-radius:8px;overflow:hidden;\">\n<!-- Header -->\n<tbody><tr>\n<td style=\"padding:24px 32px 8px 32px;font-size:14px;color:#444;\">\n</td>\n</tr>\n<!-- Body two-column -->\n<tr>\n<td style=\"padding:8px 32px 8px 32px;\">\n<table cellpadding=\"0\" cellspacing=\"0\">\n<tbody><tr>\n<!-- Left column -->\n<td style=\"width:60%;padding-right:24px;font-size:14px;color:#222;line-height:1.5;\">\n<p style=\"margin:0 0 16px 0;\">Dear <strong>@{items('For_each_9')?['PermitOriginator/DisplayName']}</strong>,</p>\n</td></tr><tr>\n        <td style=\"font-size:14px;color:#222;\">Your PTW request needs<strong style=\"color:#eaa143;\">Renewal</strong></td>\n    <td style=\"width:60px;\">\n      <img src=\"SiteAssets/ptw-logo.png\" alt=\"PTW Logo\" width=\"90\" height=\"90\" style=\"border:0;width: 90px;height: 90px;display: block;\">\n    </td>\n  </tr>\n\n</tbody></table><table cellpadding=\"0\" cellspacing=\"0\" style=\"width:100%;font-size:14px;color:#222;\">\n<tbody><tr>\n<td style=\"padding:4px 0;width:160px;color:#555;\">Reference Num:</td>\n<td style=\"padding:4px 0;\"><strong style=\"font-size:15px;\">@{triggerBody()?['PTWForm_x003a__x0020_Coral_x0020/Value']}</strong></td>\n</tr>\n<tr>\n<td style=\"padding:4px 0;color:#555;\">Permit Originator (PO):</td>\n<td style=\"padding:4px 0;\">@{items('For_each_9')?['PermitOriginator/DisplayName']}</td>\n</tr>\n<tr>\n<td style=\"padding:4px 0;color:#555;\">Asset Details:</td>\n<td style=\"padding:4px 0;\">@{items('For_each_9')?['AssetDetails/Value']}</td>\n</tr>\n<tr>\n<td style=\"padding:4px 0;color:#555;\">HAC Zone:</td>\n<td style=\"padding:4px 0;\">@{items('For_each_9')?['HACClassificationWorkArea/Value']}</td>\n</tr>\n<tr>\n<td style=\"padding:4px 0;color:#555;\">Status:</td>\n<td style=\"padding:4px 0;font-weight:600;color:#000;\">Renewal</td>\n</tr>\n</tbody></table>\n\n<div style=\"margin:24px 0 28px 0;\">\n<!-- Button -->\n<a href=\"@{variables('WebHostingURL')}@{items('For_each_9')?['ID']}\" style=\"background:#eaa143;color:#ffffff;text-decoration:none;font-size:14px;font-weight:600;padding:12px 24px;border-radius:4px;display: flex;justify-content: center;\">\n  Review Request\n</a>\n</div>\n<p style=\"margin: 0 0 18px 0;font-size: 13px;color: #eaa143;display: flex;justify-content: center;\">\nSafety is not an option but a commitment towards ourselves, the public and environment.\n</p>\n\n<div style=\"margin:0 0 12px 0;font-size:12px;color:#555;display: flex;align-items: flex-start;justify-content: center;\">\nYou are receiving this email because you are part of the PTW workflow. Do not reply to this automated message.\n</div>\n</td></tr>\n</tbody></table>\n</td></tr></tbody></table>\n\n\n\n\n\n","emailMessage/Importance":"Normal"},"host":{"apiId":"/providers/Microsoft.PowerApps/apis/shared_office365","connectionName":"shared_office365_1","operationId":"SendEmailV2"},"authentication":"@parameters('$authentication')"}}},"type":"Foreach"}}},"expression":{"and":[{"equals":["@triggerBody()?['RecordOrder']","@variables('Numberofpermits')"]}]},"metadata":{"operationMetadataId":"ebe6f3a7-ae39-4b4e-b7b2-49b70b36263e"},"type":"If"}},"runAfter":{"Update_item_2":["Succeeded"]},"else":{"actions":{"Condition_3":{"actions":{"Check_If_NUmber_of_permits_finished":{"actions":{"For_each_8":{"foreach":"@outputs('Get_items_from_PTW_Form')?['body/value']","actions":{"Send_an_email_(V2)_2":{"metadata":{"operationMetadataId":"6222a26d-9705-48f9-b90e-4b01cce82784"},"type":"OpenApiConnection","inputs":{"parameters":{"emailMessage/To":"@items('For_each_8')?['PermitOriginator/Email']","emailMessage/Subject":"@{items('For_each_8')?['CoralReferenceNumber']}_@{items('For_each_8')?['ProjectTitle']}_PTW-Form Closure","emailMessage/Body":"<table cellpadding=\"0\" cellspacing=\"0\">\n<tbody><tr>\n<td style=\"padding:28px 12px;\">\n<!-- Outer card -->\n<table cellpadding=\"0\" cellspacing=\"0\" style=\"width:640px;max-width:640px;background:#ffffff;border:1px solid #e1e4e8;border-radius:8px;overflow:hidden;\">\n<!-- Header -->\n<tbody><tr>\n<td style=\"padding:24px 32px 8px 32px;font-size:14px;color:#444;\">\n</td>\n</tr>\n<!-- Body two-column -->\n<tr>\n<td style=\"padding:8px 32px 8px 32px;\">\n<table cellpadding=\"0\" cellspacing=\"0\">\n<tbody><tr>\n<!-- Left column -->\n<td style=\"width:60%;padding-right:24px;font-size:14px;color:#222;line-height:1.5;\">\n<p style=\"margin:0 0 16px 0;\">Dear <strong>@{items('For_each_8')?['PermitOriginator/DisplayName']}</strong>,</p>\n</td></tr><tr>\n        <td style=\"font-size:14px;color:#222;\">Your PTW request needs <strong style=\"color:#eaa143;\">Closure</strong></td>\n    <td style=\"width:60px;\">\n      <img src=\"SiteAssets/ptw-logo.png\" alt=\"PTW Logo\" width=\"90\" height=\"90\" style=\"border:0;width: 90px;height: 90px;display: block;\">\n    </td>\n  </tr>\n\n</tbody></table><table cellpadding=\"0\" cellspacing=\"0\" style=\"width:100%;font-size:14px;color:#222;\">\n<tbody><tr>\n<td style=\"padding:4px 0;width:160px;color:#555;\">Reference Num:</td>\n<td style=\"padding:4px 0;\"><strong style=\"font-size:15px;\">@{triggerBody()?['PTWForm_x003a__x0020_Coral_x0020/Value']}</strong></td>\n</tr>\n<tr>\n<td style=\"padding:4px 0;color:#555;\">Permit Originator (PO):</td>\n<td style=\"padding:4px 0;\">@{items('For_each_8')?['PermitOriginator/DisplayName']}</td>\n</tr>\n<tr>\n<td style=\"padding:4px 0;color:#555;\">Asset Details:</td>\n<td style=\"padding:4px 0;\">@{items('For_each_8')?['AssetDetails/Value']}</td>\n</tr>\n<tr>\n<td style=\"padding:4px 0;color:#555;\">HAC Zone:</td>\n<td style=\"padding:4px 0;\">@{items('For_each_8')?['HACClassificationWorkArea/Value']}</td>\n</tr>\n<tr>\n<td style=\"padding:4px 0;color:#555;\">Status:</td>\n<td style=\"padding:4px 0;font-weight:600;color:#000;\">Closure</td>\n</tr>\n</tbody></table>\n\n<div style=\"margin:24px 0 28px 0;\">\n<!-- Button -->\n<a href=\"@{variables('WebHostingURL')}@{items('For_each_8')?['ID']}\" style=\"background:#eaa143;color:#ffffff;text-decoration:none;font-size:14px;font-weight:600;padding:12px 24px;border-radius:4px;display: flex;justify-content: center;\">\n  Review Request\n</a>\n</div>\n<p style=\"margin: 0 0 18px 0;font-size: 13px;color: #eaa143;display: flex;justify-content: center;\">\nSafety is not an option but a commitment towards ourselves, the public and environment.\n</p>\n\n<div style=\"margin:0 0 12px 0;font-size:12px;color:#555;display: flex;align-items: flex-start;justify-content: center;\">\nYou are receiving this email because you are part of the PTW workflow. Do not reply to this automated message.\n</div>\n</td></tr>\n</tbody></table>\n</td></tr></tbody></table>\n\n\n\n\n\n","emailMessage/Importance":"Normal"},"host":{"apiId":"/providers/Microsoft.PowerApps/apis/shared_office365","connectionName":"shared_office365_1","operationId":"SendEmailV2"},"authentication":"@parameters('$authentication')"}}},"type":"Foreach"}},"else":{"actions":{"Update_item_1":{"metadata":{"operationMetadataId":"8b9f7ad5-7c9a-4fde-88a1-05d3ebfaca72"},"type":"OpenApiConnection","inputs":{"parameters":{"dataset":"https://liquigasportal.sharepoint.com/sites/HSE","table":"a61b0f3f-cc93-4832-982a-403e95fd715c","id":"@triggerBody()?['ID']","item/RecordOrder":"@triggerBody()?['RecordOrder']","item/StatusRecord/Value":"Closed"},"host":{"apiId":"/providers/Microsoft.PowerApps/apis/shared_sharepointonline","connectionName":"shared_sharepointonline_1","operationId":"PatchItem"},"authentication":"@parameters('$authentication')"}},"For_each_4":{"foreach":"@outputs('Get_items_from_PTW_Form')?['body/value']","actions":{"Send_an_email_(V2)":{"metadata":{"operationMetadataId":"b43e8eec-aa41-44b2-ab35-be0365abb47f"},"type":"OpenApiConnection","inputs":{"parameters":{"emailMessage/To":"@items('For_each_4')?['PermitOriginator/Email']","emailMessage/Subject":"@{items('For_each_4')?['CoralReferenceNumber']}_@{items('For_each_4')?['ProjectTitle']}_Renewal","emailMessage/Body":"<table cellpadding=\"0\" cellspacing=\"0\">\n<tbody><tr>\n<td style=\"padding:28px 12px;\">\n<!-- Outer card -->\n<table cellpadding=\"0\" cellspacing=\"0\" style=\"width:640px;max-width:640px;background:#ffffff;border:1px solid #e1e4e8;border-radius:8px;overflow:hidden;\">\n<!-- Header -->\n<tbody><tr>\n<td style=\"padding:24px 32px 8px 32px;font-size:14px;color:#444;\">\n</td>\n</tr>\n<!-- Body two-column -->\n<tr>\n<td style=\"padding:8px 32px 8px 32px;\">\n<table cellpadding=\"0\" cellspacing=\"0\">\n<tbody><tr>\n<!-- Left column -->\n<td style=\"width:60%;padding-right:24px;font-size:14px;color:#222;line-height:1.5;\">\n<p style=\"margin:0 0 16px 0;\">Dear <strong>@{items('For_each_4')?['PermitOriginator/DisplayName']}</strong></p>\n</td></tr><tr>\n        <td style=\"font-size:14px;color:#222;\">Your PTW request is needs<strong style=\"color:#eaa143;\">Review</strong></td>\n    <td style=\"width:60px;\">\n      <img src=\"SiteAssets/ptw-logo.png\" alt=\"PTW Logo\" width=\"90\" height=\"90\" style=\"border:0;width: 90px;height: 90px;display: block;\">\n    </td>\n  </tr>\n\n</tbody></table><table cellpadding=\"0\" cellspacing=\"0\" style=\"width:100%;font-size:14px;color:#222;\">\n<tbody><tr>\n<td style=\"padding:4px 0;width:160px;color:#555;\">Reference Num:</td>\n<td style=\"padding:4px 0;\"><strong style=\"font-size:15px;\">@{triggerBody()?['PTWForm_x003a__x0020_Coral_x0020/Value']}</strong></td>\n</tr>\n<tr>\n<td style=\"padding:4px 0;color:#555;\">Permit Originator (PO):</td>\n<td style=\"padding:4px 0;\">@{items('For_each_4')?['PermitOriginator/DisplayName']}</td>\n</tr>\n<tr>\n<td style=\"padding:4px 0;color:#555;\">Asset Details:</td>\n<td style=\"padding:4px 0;\">@{items('For_each_4')?['AssetDetails/Value']}</td>\n</tr>\n<tr>\n<td style=\"padding:4px 0;color:#555;\">HAC Zone:</td>\n<td style=\"padding:4px 0;\">@{items('For_each_4')?['HACClassificationWorkArea/Value']}</td>\n</tr>\n<tr>\n<td style=\"padding:4px 0;color:#555;\">Status:</td>\n<td style=\"padding:4px 0;font-weight:600;color:#000;\">Renewal</td>\n</tr>\n</tbody></table>\n\n<div style=\"margin:24px 0 28px 0;\">\n<!-- Button -->\n<a href=\"@{variables('WebHostingURL')}@{items('For_each_4')?['ID']}\" style=\"background:#eaa143;color:#ffffff;text-decoration:none;font-size:14px;font-weight:600;padding:12px 24px;border-radius:4px;display: flex;justify-content: center;\">\n  Review Request\n</a>\n</div>\n<p style=\"margin: 0 0 18px 0;font-size: 13px;color: #eaa143;display: flex;justify-content: center;\">\nSafety is not an option but a commitment towards ourselves, the public and environment.\n</p>\n\n<div style=\"margin:0 0 12px 0;font-size:12px;color:#555;display: flex;align-items: flex-start;justify-content: center;\">\nYou are receiving this email because you are part of the PTW workflow. Do not reply to this automated message.\n</div>\n</td></tr>\n</tbody></table>\n</td></tr></tbody></table>\n\n\n\n\n\n","emailMessage/Importance":"Normal"},"host":{"apiId":"/providers/Microsoft.PowerApps/apis/shared_office365","connectionName":"shared_office365_1","operationId":"SendEmailV2"},"authentication":"@parameters('$authentication')"}}},"runAfter":{"Update_item_1":["Succeeded"]},"type":"Foreach"}}},"expression":{"and":[{"equals":["@triggerBody()?['RecordOrder']","@variables('Numberofpermits')"]}]},"metadata":{"operationMetadataId":"63633d0e-24b8-4c9b-ae6c-bad929f077e5"},"type":"If"}},"else":{"actions":{"Condition":{"actions":{"Update_item":{"metadata":{"operationMetadataId":"d5076ae6-cee5-46c4-aacd-37d552e4a2de"},"type":"OpenApiConnection","inputs":{"parameters":{"dataset":"https://liquigasportal.sharepoint.com/sites/HSE","table":"a61b0f3f-cc93-4832-982a-403e95fd715c","id":"@triggerBody()?['ID']","item/RecordOrder":"@triggerBody()?['RecordOrder']","item/StatusRecord/Value":"Closed","item/PIStatus/Value":"Rejected"},"host":{"apiId":"/providers/Microsoft.PowerApps/apis/shared_sharepointonline","connectionName":"shared_sharepointonline_1","operationId":"PatchItem"},"authentication":"@parameters('$authentication')"}},"For_each_8_1":{"foreach":"@outputs('Get_items_from_PTW_Form')?['body/value']","actions":{"Send_an_email_(V2)_5":{"metadata":{"operationMetadataId":"6222a26d-9705-48f9-b90e-4b01cce82784"},"type":"OpenApiConnection","inputs":{"parameters":{"emailMessage/To":"@items('For_each_8_1')?['PermitOriginator/Email']","emailMessage/Subject":"@{items('For_each_8_1')?['CoralReferenceNumber']}_@{items('For_each_8_1')?['ProjectTitle']}_Automatic Rejection","emailMessage/Body":"<table cellpadding=\"0\" cellspacing=\"0\">\n<tbody><tr>\n<td style=\"padding:28px 12px;\">\n<!-- Outer card -->\n<table cellpadding=\"0\" cellspacing=\"0\" style=\"width:640px;max-width:640px;background:#ffffff;border:1px solid #e1e4e8;border-radius:8px;overflow:hidden;\">\n<!-- Header -->\n<tbody><tr>\n<td style=\"padding:24px 32px 8px 32px;font-size:14px;color:#444;\">\n</td>\n</tr>\n<!-- Body two-column -->\n<tr>\n<td style=\"padding:8px 32px 8px 32px;\">\n<table cellpadding=\"0\" cellspacing=\"0\">\n<tbody><tr>\n<!-- Left column -->\n<td style=\"width:60%;padding-right:24px;font-size:14px;color:#222;line-height:1.5;\">\n<p style=\"margin:0 0 16px 0;\">Dear <strong>@{items('For_each_8_1')?['PermitOriginator/DisplayName']}</strong>,</p>\n</td></tr><tr>\n        <td style=\"font-size:14px;color:#222;\">Your PTW request is :<strong style=\"color:#eaa143;\">Rejected By the System</strong></td>\n    <td style=\"width:60px;\">\n      <img src=\"SiteAssets/ptw-logo.png\" alt=\"PTW Logo\" width=\"90\" height=\"90\" style=\"border:0;width: 90px;height: 90px;display: block;\">\n    </td>\n  </tr>\n\n</tbody></table><table cellpadding=\"0\" cellspacing=\"0\" style=\"width:100%;font-size:14px;color:#222;\">\n<tbody><tr>\n<td style=\"padding:4px 0;width:160px;color:#555;\">Reference Num:</td>\n<td style=\"padding:4px 0;\"><strong style=\"font-size:15px;\">@{triggerBody()?['PTWForm_x003a__x0020_Coral_x0020/Value']}</strong></td>\n</tr>\n<tr>\n<td style=\"padding:4px 0;color:#555;\">Permit Originator (PO):</td>\n<td style=\"padding:4px 0;\">@{items('For_each_8_1')?['PermitOriginator/DisplayName']}</td>\n</tr>\n<tr>\n<td style=\"padding:4px 0;color:#555;\">Asset Details:</td>\n<td style=\"padding:4px 0;\">@{items('For_each_8_1')?['AssetDetails/Value']}</td>\n</tr>\n<tr>\n<td style=\"padding:4px 0;color:#555;\">HAC Zone:</td>\n<td style=\"padding:4px 0;\">@{items('For_each_8_1')?['HACClassificationWorkArea/Value']}</td>\n</tr>\n<tr>\n<td style=\"padding:4px 0;color:#555;\">Status:</td>\n<td style=\"padding:4px 0;font-weight:600;color:#000;\">Rejected By the System</td>\n</tr>\n</tbody></table>\n\n<div style=\"margin:24px 0 28px 0;\">\n<!-- Button -->\n<a href=\"@{variables('WebHostingURL')}@{items('For_each_8_1')?['ID']}\" style=\"background:#eaa143;color:#ffffff;text-decoration:none;font-size:14px;font-weight:600;padding:12px 24px;border-radius:4px;display: flex;justify-content: center;\">\n  Review Request\n</a>\n</div>\n<p style=\"margin: 0 0 18px 0;font-size: 13px;color: #eaa143;display: flex;justify-content: center;\">\nSafety is not an option but a commitment towards ourselves, the public and environment.\n</p>\n\n<div style=\"margin:0 0 12px 0;font-size:12px;color:#555;display: flex;align-items: flex-start;justify-content: center;\">\nYou are receiving this email because you are part of the PTW workflow. Do not reply to this automated message.\n</div>\n</td></tr>\n</tbody></table>\n</td></tr></tbody></table>\n\n\n\n\n\n","emailMessage/Importance":"Normal"},"host":{"apiId":"/providers/Microsoft.PowerApps/apis/shared_office365","connectionName":"shared_office365_1","operationId":"SendEmailV2"},"authentication":"@parameters('$authentication')"}}},"runAfter":{"Update_item":["Succeeded"]},"type":"Foreach"}},"else":{"actions":{"Update_item_3":{"metadata":{"operationMetadataId":"41f5eb11-8fb3-4ef5-8c2e-41a2b9781d93"},"type":"OpenApiConnection","inputs":{"parameters":{"dataset":"https://liquigasportal.sharepoint.com/sites/HSE","table":"a61b0f3f-cc93-4832-982a-403e95fd715c","id":"@triggerBody()?['ID']","item/RecordOrder":"@triggerBody()?['RecordOrder']","item/StatusRecord/Value":"Closed"},"host":{"apiId":"/providers/Microsoft.PowerApps/apis/shared_sharepointonline","connectionName":"shared_sharepointonline_1","operationId":"PatchItem"},"authentication":"@parameters('$authentication')"}},"For_each_3":{"foreach":"@outputs('Get_items_from_PTW_Form')?['body/value']","actions":{"Send_an_email_(V2)_1":{"metadata":{"operationMetadataId":"356ab48e-d4fa-4362-94ff-55fb7a53ff54"},"type":"OpenApiConnection","inputs":{"parameters":{"emailMessage/To":"@items('For_each_3')?['PermitOriginator/Email']","emailMessage/Subject":"@{items('For_each_3')?['CoralReferenceNumber']}_@{items('For_each_3')?['ProjectTitle']}_PTW-Form Closure","emailMessage/Body":"<p class=\"editor-paragraph\">&lt;table cellpadding=\"0\" cellspacing=\"0\"&gt;<br>&lt;tbody&gt;&lt;tr&gt;<br>&lt;td style=\"padding:28px 12px;\"&gt;<br>&lt;!-- Outer card --&gt;<br>&lt;table cellpadding=\"0\" cellspacing=\"0\" style=\"width:640px;max-width:640px;background:#ffffff;border:1px solid #e1e4e8;border-radius:8px;overflow:hidden;\"&gt;<br>&lt;!-- Header --&gt;<br>&lt;tbody&gt;&lt;tr&gt;<br>&lt;td style=\"padding:24px 32px 8px 32px;font-size:14px;color:#444;\"&gt;<br>&lt;/td&gt;<br>&lt;/tr&gt;<br>&lt;!-- Body two-column --&gt;<br>&lt;tr&gt;<br>&lt;td style=\"padding:8px 32px 8px 32px;\"&gt;<br>&lt;table cellpadding=\"0\" cellspacing=\"0\"&gt;<br>&lt;tbody&gt;&lt;tr&gt;<br>&lt;!-- Left column --&gt;<br>&lt;td style=\"width:60%;padding-right:24px;font-size:14px;color:#222;line-height:1.5;\"&gt;<br>&lt;p style=\"margin:0 0 16px 0;\"&gt;Dear &lt;strong&gt;@{items('For_each_3')?['PermitOriginator/DisplayName']}&lt;/strong&gt;,&lt;/p&gt;<br>&lt;/td&gt;&lt;/tr&gt;&lt;tr&gt;<br>&lt;td style=\"font-size:14px;color:#222;\"&gt;Your PTW request needs &lt;strong style=\"color:#eaa143;\"&gt;Closure&lt;/strong&gt;&lt;/td&gt;<br>&lt;td style=\"width:60px;\"&gt;<br>&lt;img src=\"SiteAssets/ptw-logo.png\" alt=\"PTW Logo\" width=\"90\" height=\"90\" style=\"border:0;width: 90px;height: 90px;display: block;\"&gt;<br>&lt;/td&gt;<br>&lt;/tr&gt;<br><br>&lt;/tbody&gt;&lt;/table&gt;&lt;table cellpadding=\"0\" cellspacing=\"0\" style=\"width:100%;font-size:14px;color:#222;\"&gt;<br>&lt;tbody&gt;&lt;tr&gt;<br>&lt;td style=\"padding:4px 0;width:160px;color:#555;\"&gt;Reference Num:&lt;/td&gt;<br>&lt;td style=\"padding:4px 0;\"&gt;&lt;strong style=\"font-size:15px;\"&gt;@{triggerBody()?['PTWForm_x003a__x0020_Coral_x0020/Value']}&lt;/strong&gt;&lt;/td&gt;<br>&lt;/tr&gt;<br>&lt;tr&gt;<br>&lt;td style=\"padding:4px 0;color:#555;\"&gt;Permit Originator (PO):&lt;/td&gt;<br>&lt;td style=\"padding:4px 0;\"&gt;@{items('For_each_3')?['PermitOriginator/DisplayName']}&lt;/td&gt;<br>&lt;/tr&gt;<br>&lt;tr&gt;<br>&lt;td style=\"padding:4px 0;color:#555;\"&gt;Asset Details:&lt;/td&gt;<br>&lt;td style=\"padding:4px 0;\"&gt;@{items('For_each_3')?['AssetDetails/Value']}&lt;/td&gt;<br>&lt;/tr&gt;<br>&lt;tr&gt;<br>&lt;td style=\"padding:4px 0;color:#555;\"&gt;HAC Zone:&lt;/td&gt;<br>&lt;td style=\"padding:4px 0;\"&gt;@{items('For_each_3')?['HACClassificationWorkArea/Value']}&lt;/td&gt;<br>&lt;/tr&gt;<br>&lt;tr&gt;<br>&lt;td style=\"padding:4px 0;color:#555;\"&gt;Status:&lt;/td&gt;<br>&lt;td style=\"padding:4px 0;font-weight:600;color:#000;\"&gt;Closure&lt;/td&gt;<br>&lt;/tr&gt;<br>&lt;/tbody&gt;&lt;/table&gt;<br><br>&lt;div style=\"margin:24px 0 28px 0;\"&gt;<br>&lt;!-- Button --&gt;<br>&lt;a href=\"@{variables('WebHostingURL')}@{items('For_each_3')?['ID']}\" style=\"background:#eaa143;color:#ffffff;text-decoration:none;font-size:14px;font-weight:600;padding:12px 24px;border-radius:4px;display: flex;justify-content: center;\"&gt;<br>Review Request<br>&lt;/a&gt;<br>&lt;/div&gt;<br>&lt;p style=\"margin: 0 0 18px 0;font-size: 13px;color: #eaa143;display: flex;justify-content: center;\"&gt;<br>Safety is not an option but a commitment towards ourselves, the public and environment.<br>&lt;/p&gt;<br><br>&lt;div style=\"margin:0 0 12px 0;font-size:12px;color:#555;display: flex;align-items: flex-start;justify-content: center;\"&gt;<br>You are receiving this email because you are part of the PTW workflow. Do not reply to this automated message.<br>&lt;/div&gt;<br>&lt;/td&gt;&lt;/tr&gt;<br>&lt;/tbody&gt;&lt;/table&gt;<br>&lt;/td&gt;&lt;/tr&gt;&lt;/tbody&gt;&lt;/table&gt;<br><br><br><br></p><br>","emailMessage/Importance":"Normal"},"host":{"apiId":"/providers/Microsoft.PowerApps/apis/shared_office365","connectionName":"shared_office365_1","operationId":"SendEmailV2"},"authentication":"@parameters('$authentication')"}}},"runAfter":{"Update_item_3":["Succeeded"]},"type":"Foreach"}}},"expression":{"and":[{"not":{"equals":["@outputs('Get_item')?['body/PIStatus/Value']","Rejected"]}}]},"metadata":{"operationMetadataId":"92be3a0a-bedf-4b95-8c19-9b5572178745"},"type":"If"}}},"expression":{"and":[{"equals":["@outputs('Get_item')?['body/PIStatus/Value']","Approved"]}]},"metadata":{"operationMetadataId":"68776350-627d-4e97-a63a-91c375049949"},"type":"If"}}},"expression":{"and":[{"equals":["@triggerBody()?['RecordOrder']",1]}]},"metadata":{"operationMetadataId":"d73e44a5-0b0d-4e8f-bf21-6ed4af1a87ed"},"type":"If"}}},"expression":{"and":[{"not":{"equals":["@outputs('Get_item_1')?['body/Stage/Value']","Issued"]}}]},"metadata":{"operationMetadataId":"268b17fe-b011-494f-b737-24e2a5dc4b1d"},"type":"If"},"Get_item_1":{"metadata":{"operationMetadataId":"26c5b04b-cca3-4800-8c97-48a19f9b00d5"},"type":"OpenApiConnection","inputs":{"parameters":{"dataset":"https://liquigasportal.sharepoint.com/sites/HSE","table":"2ef86160-6267-4fbd-ab46-52d370a000ac","id":"@items('For_each_6')?['ID']"},"host":{"apiId":"/providers/Microsoft.PowerApps/apis/shared_sharepointonline","connectionName":"shared_sharepointonline_1","operationId":"GetItem"},"authentication":"@parameters('$authentication')"}}},"runAfter":{"Delay_Until":["Succeeded"]},"metadata":{"operationMetadataId":"c4c69611-dfe7-4bd2-aac5-4fa9a66e0ca4"},"type":"Foreach"}},"outputs":{}},"connectionReferences":{"shared_sharepointonline_1":{"connectionName":"shared-sharepointonl-f39fb511-2449-490d-95af-d97f6f4ff661","source":"Embedded","id":"/providers/Microsoft.PowerApps/apis/shared_sharepointonline","tier":"NotSpecified","apiName":"sharepointonline","isProcessSimpleApiReferenceConversionAlreadyDone":false},"shared_office365_1":{"connectionName":"shared-office365-74526e0b-7719-4247-b280-7b5f9821f3ee","source":"Embedded","id":"/providers/Microsoft.PowerApps/apis/shared_office365","tier":"NotSpecified","apiName":"office365","isProcessSimpleApiReferenceConversionAlreadyDone":false}},"flowFailureAlertSubscribed":false,"isManaged":false}}