{"name":"40851daf-8da4-4a08-b855-721018e289d4","id":"/providers/Microsoft.Flow/flows/40851daf-8da4-4a08-b855-721018e289d4","type":"Microsoft.Flow/flows","properties":{"apiId":"/providers/Microsoft.PowerApps/apis/shared_logicflows","displayName":"Sync Employee With Employee Details","definition":{"metadata":{"workflowEntityId":null,"processAdvisorMetadata":null,"flowChargedByPaygo":null,"flowclientsuspensionreason":"None","flowclientsuspensiontime":null,"flowclientsuspensionreasondetails":null,"creator":{"id":"af2e4e8c-6cba-417b-ad3e-041e111104f4","type":"User","tenantId":"e88fcd6b-7eb7-4e10-afc2-b0a57f9d50bd"},"provisioningMethod":"FromDefinition","failureAlertSubscription":true,"clientLastModifiedTime":"2025-11-19T13:07:51.1337086Z","connectionKeySavedTimeKey":"2025-11-19T13:07:51.1337086Z","creationSource":"Portal","modifiedSources":"Portal"},"$schema":"https://schema.management.azure.com/providers/Microsoft.Logic/schemas/2016-06-01/workflowdefinition.json#","contentVersion":"1.0.0.0","parameters":{"$authentication":{"defaultValue":{},"type":"SecureObject"},"$connections":{"defaultValue":{},"type":"Object"}},"triggers":{"When_an_item_is_created_or_modified":{"recurrence":{"frequency":"Minute","interval":1},"evaluatedRecurrence":{"frequency":"Minute","interval":1},"splitOn":"@triggerOutputs()?['body/value']","type":"OpenApiConnection","inputs":{"parameters":{"dataset":"https://liquigasportal.sharepoint.com/sites/HSE","table":"d910bdb4-6391-4c1b-9c5a-0a49436ab193"},"host":{"apiId":"/providers/Microsoft.PowerApps/apis/shared_sharepointonline","connectionName":"shared_sharepointonline","operationId":"GetOnUpdatedItems"},"authentication":"@parameters('$authentication')"}}},"actions":{"Condition":{"actions":{"For_each":{"foreach":"@outputs('Get_items')?['body/value']","actions":{"Update_Employee_PPE_Items_Criteria":{"type":"OpenApiConnection","inputs":{"parameters":{"dataset":"https://liquigasportal.sharepoint.com/sites/HSE","table":"56277d38-6c7f-4b8a-a351-e031f7e7cb4e","id":"@items('For_each')?['ID']","item/Company":"@triggerBody()?['Company/Value']","item/Employee/Id":"@triggerBody()?['ID']","item/EmploymentStatus":"@triggerBody()?['EmploymentStatus/Value']","item/DateUpdated":"@triggerBody()?['DateUpdated']","item/JobTitle":"@triggerBody()?['JobTitle/Value']","item/Department":"@triggerBody()?['Department/Value']","item/DirectManager/Claims":"@triggerBody()?['DirectManager/Claims']","item/Classification/Value":"@triggerBody()?['Classification/Value']"},"host":{"apiId":"/providers/Microsoft.PowerApps/apis/shared_sharepointonline","connectionName":"shared_sharepointonline","operationId":"PatchItem"},"authentication":"@parameters('$authentication')"}},"Get_Employee_Personelle_Passport":{"runAfter":{"Update_Employee_PPE_Items_Criteria":["Succeeded"]},"type":"OpenApiConnection","inputs":{"parameters":{"dataset":"https://liquigasportal.sharepoint.com/sites/HSE","table":"2af135dc-d592-43fc-af7d-77b92fcfb160","$filter":"EmployeeRecordId eq '@{triggerBody()?['ID']}'"},"host":{"apiId":"/providers/Microsoft.PowerApps/apis/shared_sharepointonline","connectionName":"shared_sharepointonline-1","operationId":"GetItems"},"authentication":"@parameters('$authentication')"}},"Condition_1":{"actions":{"Create_Employee_Personelle_Passport_Item_1":{"type":"OpenApiConnection","inputs":{"parameters":{"dataset":"https://liquigasportal.sharepoint.com/sites/HSE","table":"2af135dc-d592-43fc-af7d-77b92fcfb160","item/Title":"@triggerBody()?['FullName']","item/EmployeeRecord/Id":"@triggerBody()?['ID']","item/IsHSEInductionCompleted":false,"item/IsPTWCertified":false,"item/IsHSETrained":false,"item/IsFireFightingTrained":false},"host":{"apiId":"/providers/Microsoft.PowerApps/apis/shared_sharepointonline","connectionName":"shared_sharepointonline","operationId":"PostItem"},"authentication":"@parameters('$authentication')"}}},"runAfter":{"Get_Employee_Personelle_Passport":["Succeeded"]},"else":{"actions":{}},"expression":{"and":[{"equals":["@empty(body('Get_Employee_Personelle_Passport')?['value'])","@true"]}]},"type":"If"}},"type":"Foreach"}},"runAfter":{"Get_items":["Succeeded"]},"else":{"actions":{"Create_Employee_PPE_Items_Criteria_Item":{"type":"OpenApiConnection","inputs":{"parameters":{"dataset":"https://liquigasportal.sharepoint.com/sites/HSE","table":"56277d38-6c7f-4b8a-a351-e031f7e7cb4e","item/Company":"@triggerBody()?['Company/Value']","item/Employee/Id":"@triggerBody()?['ID']","item/EmploymentStatus":"@triggerBody()?['EmploymentStatus/Value']","item/DateUpdated":"@triggerBody()?['DateUpdated']","item/JobTitle":"@triggerBody()?['JobTitle/Value']","item/Department":"@triggerBody()?['Department/Value']","item/DirectManager/Claims":"@triggerBody()?['DirectManager/Claims']","item/Classification/Value":"@triggerBody()?['Classification/Value']"},"host":{"apiId":"/providers/Microsoft.PowerApps/apis/shared_sharepointonline","connectionName":"shared_sharepointonline","operationId":"PostItem"},"authentication":"@parameters('$authentication')"}},"Create_Employee_Personelle_Passport_Item":{"runAfter":{"Create_Employee_PPE_Items_Criteria_Item":["Succeeded"]},"type":"OpenApiConnection","inputs":{"parameters":{"dataset":"https://liquigasportal.sharepoint.com/sites/HSE","table":"2af135dc-d592-43fc-af7d-77b92fcfb160","item/Title":"@triggerBody()?['FullName']","item/EmployeeRecord/Id":"@triggerBody()?['ID']","item/IsHSEInductionCompleted":false,"item/IsPTWCertified":false,"item/IsHSETrained":false,"item/IsFireFightingTrained":false},"host":{"apiId":"/providers/Microsoft.PowerApps/apis/shared_sharepointonline","connectionName":"shared_sharepointonline","operationId":"PostItem"},"authentication":"@parameters('$authentication')"}}}},"expression":{"and":[{"equals":["@empty(body('Get_items')?['value'])","@false"]}]},"type":"If"},"Get_items":{"runAfter":{},"type":"OpenApiConnection","inputs":{"parameters":{"dataset":"https://liquigasportal.sharepoint.com/sites/HSE","table":"56277d38-6c7f-4b8a-a351-e031f7e7cb4e","$filter":"Employee/ID eq '@{triggerBody()?['ID']}'"},"host":{"apiId":"/providers/Microsoft.PowerApps/apis/shared_sharepointonline","connectionName":"shared_sharepointonline","operationId":"GetItems"},"authentication":"@parameters('$authentication')"}}},"outputs":{}},"connectionReferences":{"shared_sharepointonline":{"connectionName":"95e110c78ef24ecfba667955d1c2f9f3","source":"Embedded","id":"/providers/Microsoft.PowerApps/apis/shared_sharepointonline","tier":"NotSpecified","apiName":"sharepointonline","isProcessSimpleApiReferenceConversionAlreadyDone":false},"shared_sharepointonline-1":{"connectionName":"shared-sharepointonl-f39fb511-2449-490d-95af-d97f6f4ff661","source":"Embedded","id":"/providers/Microsoft.PowerApps/apis/shared_sharepointonline","tier":"NotSpecified","apiName":"sharepointonline","isProcessSimpleApiReferenceConversionAlreadyDone":false}},"flowFailureAlertSubscribed":false,"isManaged":false}}