{"name":"2bf039ce-1509-4341-8825-42586a5efca8","id":"/providers/Microsoft.Flow/flows/2bf039ce-1509-4341-8825-42586a5efca8","type":"Microsoft.Flow/flows","properties":{"apiId":"/providers/Microsoft.PowerApps/apis/shared_logicflows","displayName":"Update PPE Form Workflow","definition":{"metadata":{"workflowEntityId":null,"processAdvisorMetadata":null,"flowChargedByPaygo":null,"flowclientsuspensionreason":"None","flowclientsuspensiontime":null,"flowclientsuspensionreasondetails":null,"creator":{"id":"af2e4e8c-6cba-417b-ad3e-041e111104f4","type":"User","tenantId":"e88fcd6b-7eb7-4e10-afc2-b0a57f9d50bd"},"provisioningMethod":"FromDefinition","failureAlertSubscription":true,"clientLastModifiedTime":"2025-10-28T10:00:45.1532269Z","connectionKeySavedTimeKey":"2025-10-28T10:00:45.1532269Z","creationSource":"Portal","modifiedSources":"Portal"},"$schema":"https://schema.management.azure.com/providers/Microsoft.Logic/schemas/2016-06-01/workflowdefinition.json#","contentVersion":"1.0.0.0","parameters":{"$authentication":{"defaultValue":{},"type":"SecureObject"},"$connections":{"defaultValue":{},"type":"Object"}},"triggers":{"When_an_item_or_a_file_is_modified":{"recurrence":{"frequency":"Minute","interval":1},"evaluatedRecurrence":{"frequency":"Minute","interval":1},"splitOn":"@triggerOutputs()?['body/value']","type":"OpenApiConnection","inputs":{"parameters":{"dataset":"https://liquigasportal.sharepoint.com/sites/HSE","table":"3fc7d6d3-5497-4c4b-930f-a083893a2803"},"host":{"apiId":"/providers/Microsoft.PowerApps/apis/shared_sharepointonline","connectionName":"shared_sharepointonline","operationId":"GetOnChangedItems"},"authentication":"@parameters('$authentication')"}}},"actions":{"Initialize_variable":{"runAfter":{},"type":"InitializeVariable","inputs":{"variables":[{"name":"BaseURL","type":"string"}]}},"Initialize_variable_1":{"runAfter":{"Initialize_variable":["Succeeded"]},"type":"InitializeVariable","inputs":{"variables":[{"name":"Emails","type":"string"}]}},"Initialize_variable_2":{"runAfter":{"Initialize_variable_1":["Succeeded"]},"type":"InitializeVariable","inputs":{"variables":[{"name":"Groups","type":"string"}]}},"Get_items":{"runAfter":{"Append_to_vatItemsTable":["Succeeded"]},"type":"OpenApiConnection","inputs":{"parameters":{"dataset":"https://liquigasportal.sharepoint.com/sites/HSE","table":"ec1f2b51-9a24-4e9f-8853-e427a14692ac","$filter":"substringof('ppe', FormRecord/Title) or substringof('personal protective equipment', FormRecord/Title)","$top":1},"host":{"apiId":"/providers/Microsoft.PowerApps/apis/shared_sharepointonline","connectionName":"shared_sharepointonline","operationId":"GetItems"},"authentication":"@parameters('$authentication')"}},"For_each":{"foreach":"@outputs('Get_items')?['body/value']","actions":{"Get_items_1":{"type":"OpenApiConnection","inputs":{"parameters":{"dataset":"https://liquigasportal.sharepoint.com/sites/HSE","table":"907d1b4a-e89a-4fff-bd93-46b4a5e95b8c","$filter":"Title eq '@{items('For_each')?['FormRecord/Value']}'"},"host":{"apiId":"/providers/Microsoft.PowerApps/apis/shared_sharepointonline","connectionName":"shared_sharepointonline","operationId":"GetItems"},"authentication":"@parameters('$authentication')"}},"For_each_1":{"foreach":"@outputs('Get_items_1')?['body/value']","actions":{"Set_variable":{"type":"SetVariable","inputs":{"name":"BaseURL","value":"@items('For_each_1')?['HostingWebPartPath']"}}},"runAfter":{"Get_items_1":["Succeeded"]},"type":"Foreach"}},"runAfter":{"Get_items":["Succeeded"]},"type":"Foreach"},"Get_changes_for_an_item_or_a_file_(properties_only)":{"runAfter":{"For_each":["Succeeded"]},"type":"OpenApiConnection","inputs":{"parameters":{"dataset":"https://liquigasportal.sharepoint.com/sites/HSE","table":"3fc7d6d3-5497-4c4b-930f-a083893a2803","id":"@triggerBody()?['ID']","since":"@triggerBody()?['{TriggerWindowStartToken}']","includeDrafts":false},"host":{"apiId":"/providers/Microsoft.PowerApps/apis/shared_sharepointonline","connectionName":"shared_sharepointonline","operationId":"GetItemChanges"},"authentication":"@parameters('$authentication')"}},"Get_items_2":{"runAfter":{"Get_changes_for_an_item_or_a_file_(properties_only)":["Succeeded"]},"type":"OpenApiConnection","inputs":{"parameters":{"dataset":"https://liquigasportal.sharepoint.com/sites/HSE","table":"86ef4fa7-11f9-44cc-a411-d7ab39560381","$filter":"ID eq '@{triggerBody()?['PPEForm/Id']}'"},"host":{"apiId":"/providers/Microsoft.PowerApps/apis/shared_sharepointonline","connectionName":"shared_sharepointonline","operationId":"GetItems"},"authentication":"@parameters('$authentication')"}},"Condition":{"actions":{"Condition_1":{"actions":{"Condition_2":{"actions":{"Compose":{"type":"Compose","inputs":"@int(triggerBody()?['OrderRecord'])"},"Condition_5":{"actions":{"For_each_14_1":{"foreach":"@outputs('Get_items_5')?['body/value']","actions":{"For_each_15":{"foreach":"@outputs('Get_items_2')?['body/value']","actions":{"Send_an_email_(V2)_4_1":{"metadata":{"operationMetadataId":"49fb02b0-4f33-431e-baf2-f0ba1c14a5d0"},"type":"OpenApiConnection","inputs":{"parameters":{"emailMessage/To":"@items('For_each_15')?['SubmitterName/Email']","emailMessage/Subject":"PPE Form for_@{items('For_each_15')?['EmployeeRecord/Value']}Has Been Closed","emailMessage/Body":"<p>Dear <b>Team Member</b>,</p>\n<p>You have a new PPE requisition update:</p>\n\n<table cellpadding=\"0\" cellspacing=\"0\" style=\"border-collapse: collapse; max-width: 1024px; border-radius: 8px; border: 1px solid #e2e2e2; width: 100%; font-family: 'Segoe UI', Arial, sans-serif;\">\n  <tbody><tr>\n    <td style=\"padding: 20px;\">\n      <!-- Header Section -->\n      <table cellpadding=\"0\" cellspacing=\"0\">\n        <tbody><tr>\n          <td style=\"font-size: 18px; font-weight: bold; color: #004085;\">\n            🦺 PPE Request Summary\n          </td>\n        </tr>\n      </tbody></table>\n\n      <!-- Request Details -->\n      <table cellpadding=\"0\" cellspacing=\"0\" style=\"margin-top: 10px; font-size: 14px; color: #333;\">\n        <tbody><tr><td><b>Reference Number:</b> @{items('For_each_15')?['CoralReferenceNumber']} </td></tr>\n        <tr><td><b>Requester:</b> @{items('For_each_15')?['RequesterName/DisplayName']}</td></tr>\n        <tr><td><b>Department:</b> @{items('For_each_15')?['DepartmentRecord/Value']}</td></tr>\n        <tr>\n          <td>\n            <b>Status:</b>\n            <span style=\"color: #28a745; font-weight: bold;\">● Closed</span>\n          </td>\n        </tr>\n      </tbody>\n</table>\n@{variables('varItemsTable')}\n      <!-- Action Button -->\n      <div style=\"padding-top: 15px; text-align: center;\">\n        <a href=\"@{variables('BaseURl')}@{triggerBody()?['PPEForm/Id']}\" style=\"background-color: #28a745; color: #ffffff; text-decoration: none; \n                 padding: 10px 25px; border-radius: 6px; font-weight: bold; display: inline-block;\">\n          REVIEW PPE REQUEST\n        </a>\n      </div>\n    </td>\n  </tr>\n</tbody></table>\n  \n<!-- Footer -->\n<p style=\"font-style: italic; color: #215c4a; font-size: 14px; margin-top: 20px; text-align: center;\">\n  ‘Safety is not an option but a commitment to ourselves, the public, and the environment.’\n</p>","emailMessage/Importance":"Normal"},"host":{"apiId":"/providers/Microsoft.PowerApps/apis/shared_office365","connectionName":"shared_office365-1","operationId":"SendEmailV2"},"authentication":"@parameters('$authentication')"}}},"type":"Foreach"}},"runAfter":{"Update_item_3":["Succeeded"]},"type":"Foreach"},"Update_item_3":{"type":"OpenApiConnection","inputs":{"parameters":{"dataset":"https://liquigasportal.sharepoint.com/sites/HSE","table":"86ef4fa7-11f9-44cc-a411-d7ab39560381","id":"@triggerBody()?['PPEForm/Id']","item/WorkflowStatus":"Closed by System"},"host":{"apiId":"/providers/Microsoft.PowerApps/apis/shared_sharepointonline","connectionName":"shared_sharepointonline","operationId":"PatchItem"},"authentication":"@parameters('$authentication')"}}},"runAfter":{"Compose":["Succeeded"]},"else":{"actions":{"Switch":{"cases":{"Case":{"case":1,"actions":{"For_each_2":{"foreach":"@outputs('Get_items')?['body/value']","actions":{"Create_item":{"type":"OpenApiConnection","inputs":{"parameters":{"dataset":"https://liquigasportal.sharepoint.com/sites/HSE","table":"3fc7d6d3-5497-4c4b-930f-a083893a2803","item/IsFinalApprover":"@if(not(empty(first(body('Get_items')?['value'])?['TLA']?['Claims'])), false ,true)","item/PPEForm/Id":"@triggerBody()?['PPEForm/Id']","item/SignOffName":"@items('For_each_2')?['SLADN/Value']","item/Approver/Claims":"@first(body('Get_items')?['value'])?['SLA']?['Claims']","item/StatusRecord/Id":3,"item/FinalLevel":"@if(not(empty(first(body('Get_items')?['value'])?['FILA']?['Claims'])), 5, if(not(empty(first(body('Get_items')?['value'])?['FOLA']?['Claims'])), 4, if(not(empty(first(body('Get_items')?['value'])?['TLA']?['Claims'])), 3, if(not(empty(first(body('Get_items')?['value'])?['SLA']?['Claims'])), 2, if(not(empty(first(body('Get_items')?['value'])?['FLA']?['Claims'])), 1, 0)))))","item/OrderRecord":2},"host":{"apiId":"/providers/Microsoft.PowerApps/apis/shared_sharepointonline","connectionName":"shared_sharepointonline","operationId":"PostItem"},"authentication":"@parameters('$authentication')"}},"Send_an_HTTP_request_to_SharePoint":{"runAfter":{"Create_item":["Succeeded"]},"type":"OpenApiConnection","inputs":{"parameters":{"dataset":"https://liquigasportal.sharepoint.com/sites/HSE","parameters/method":"GET","parameters/uri":"_api/web/sitegroups/getbyname('@{outputs('Create_item')?['body/Approver/DisplayName']}')/users"},"host":{"apiId":"/providers/Microsoft.PowerApps/apis/shared_sharepointonline","connectionName":"shared_sharepointonline","operationId":"HttpRequest"},"authentication":"@parameters('$authentication')"}},"Parse_JSON":{"runAfter":{"Send_an_HTTP_request_to_SharePoint":["Succeeded"]},"type":"ParseJson","inputs":{"content":"@body('Send_an_HTTP_request_to_SharePoint')","schema":{"type":"object","properties":{"d":{"type":"object","properties":{"results":{"type":"array","items":{"type":"object","properties":{"Id":{"type":"integer"},"Title":{"type":"string"},"Email":{"type":"string"},"LoginName":{"type":"string"},"UserPrincipalName":{"type":"string"}},"required":["Id","Title","Email","LoginName"]}}}}}}}},"Apply_to_each":{"foreach":"@body('Parse_JSON')?['d']?['results']","actions":{"Append_to_string_variable":{"type":"AppendToStringVariable","inputs":{"name":"Emails","value":"@concat(item()?['Email'], ';')"}},"Append_to_string_variable_1_1":{"runAfter":{"Append_to_string_variable":["Succeeded"]},"type":"AppendToStringVariable","inputs":{"name":"Claims","value":"@concat(item()?['LoginName'], ';')"}}},"runAfter":{"Parse_JSON":["Succeeded"]},"type":"Foreach"},"For_each_3":{"foreach":"@outputs('Get_items_2')?['body/value']","actions":{"Send_an_email_(V2)_6_1":{"type":"OpenApiConnection","inputs":{"parameters":{"emailMessage/To":"@variables('Emails')","emailMessage/Subject":"PPE Form Request _@{items('For_each_3')?['EmployeeRecord/Value']}","emailMessage/Body":"\n  \n    <p>Dear <b>Team Member</b>,</p>\n    <p>You have a new PPE requisition update:</p>\n\n    <table cellpadding=\"0\" cellspacing=\"0\" style=\"border-collapse: collapse; max-width: 600px;\">\n      <tbody><tr>\n        <td style=\"padding: 20px;\">\n          <table cellpadding=\"0\" cellspacing=\"0\">\n            <tbody><tr>\n              <td style=\"font-size: 18px; font-weight: bold; color: #004085;\">\n                🦺 PPE Request Summary\n              </td>\n            </tr>\n            <tr>\n              <td style=\"padding-top: 10px; font-size: 14px;\">\n                <p><b>Reference Number:</b> @{items('For_each_3')?['CoralReferenceNumber']}</p>\n                <p><b>Requester:</b> @{items('For_each_3')?['RequesterName/DisplayName']}</p>\n                <p><b>Department:</b> @{items('For_each_3')?['DepartmentRecord/Value']}</p>\n                <p> <b>Status:</b><span style=\"color: #FB8F00; font-weight: bold;\"> ● Pending </span>\n                </p>\n              </td>\n            </tr>\n            <tr>\n              <td style=\"padding-top: 15px; text-align: center;\">\n                <a href=\"@{variables('BaseURl')}@{triggerBody()?['PPEForm/Id']}\" style=\"background-color: #DF292B; color: #ffffff; text-decoration: none; \n                          padding: 10px 25px; border-radius: 5px; font-weight: bold; display: inline-block;\">\n                  REVIEW PPE REQUEST\n                </a>\n              </td>\n            </tr>\n          </tbody></table>\n        </td>\n      </tr>\n    </tbody></table>\n\n    <p style=\"font-style: italic; color: #215c4a; font-size: 14px; margin-top: 20px;\">\n      Safety is not an option but a commitment to ourselves, the public, and the environment.\n    </p>\n    \n","emailMessage/Importance":"Normal"},"host":{"apiId":"/providers/Microsoft.PowerApps/apis/shared_office365","connectionName":"shared_office365-1","operationId":"SendEmailV2"},"authentication":"@parameters('$authentication')"}}},"runAfter":{"Update_item_1":["Succeeded"]},"type":"Foreach"},"Compose_3_1":{"runAfter":{"Apply_to_each":["Succeeded"]},"type":"Compose","inputs":"@split(variables('Claims'), ';')\r\n"},"Filter_array":{"runAfter":{"Compose_3_1":["Succeeded"]},"type":"Query","inputs":{"from":"@outputs('Compose_3_1')","where":"@not(equals(item(),''))"}},"Apply_to_each_1_2":{"foreach":"@body('Filter_array')","actions":{"Append_to_array_variable":{"type":"AppendToArrayVariable","inputs":{"name":"varClaimsArray","value":{"Claims":"@{items('Apply_to_each_1_2')}"}}}},"runAfter":{"Filter_array":["Succeeded"]},"type":"Foreach"},"Update_item_1":{"runAfter":{"Apply_to_each_1_2":["Succeeded"]},"type":"OpenApiConnection","inputs":{"parameters":{"dataset":"https://liquigasportal.sharepoint.com/sites/HSE","table":"3fc7d6d3-5497-4c4b-930f-a083893a2803","id":"@outputs('Create_item')?['body/ID']","item/IsFinalApprover":"@if(not(empty(first(body('Get_items')?['value'])?['TLA']?['Claims'])), false ,true)","item/ApproversName":"@variables('varClaimsArray')"},"host":{"apiId":"/providers/Microsoft.PowerApps/apis/shared_sharepointonline","connectionName":"shared_sharepointonline","operationId":"PatchItem"},"authentication":"@parameters('$authentication')"}}},"type":"Foreach"}}},"Case 2":{"case":2,"actions":{"For_each_4":{"foreach":"@outputs('Get_items')?['body/value']","actions":{"Create_item_1":{"type":"OpenApiConnection","inputs":{"parameters":{"dataset":"https://liquigasportal.sharepoint.com/sites/HSE","table":"3fc7d6d3-5497-4c4b-930f-a083893a2803","item/IsFinalApprover":"@if(not(empty(first(body('Get_items')?['value'])?['FOLA']?['Claims'])), false ,true)","item/PPEForm/Id":"@triggerBody()?['PPEForm/Id']","item/SignOffName":"@items('For_each_4')?['TLADN/Value']","item/Approver/Claims":"@first(body('Get_items')?['value'])?['TLA']?['Claims']","item/StatusRecord/Id":3,"item/FinalLevel":"@if(not(empty(first(body('Get_items')?['value'])?['FILA']?['Claims'])), 5, if(not(empty(first(body('Get_items')?['value'])?['FOLA']?['Claims'])), 4, if(not(empty(first(body('Get_items')?['value'])?['TLA']?['Claims'])), 3, if(not(empty(first(body('Get_items')?['value'])?['SLA']?['Claims'])), 2, if(not(empty(first(body('Get_items')?['value'])?['FLA']?['Claims'])), 1, 0)))))","item/OrderRecord":3},"host":{"apiId":"/providers/Microsoft.PowerApps/apis/shared_sharepointonline","connectionName":"shared_sharepointonline","operationId":"PostItem"},"authentication":"@parameters('$authentication')"}},"Send_an_HTTP_request_to_SharePoint_1":{"runAfter":{"Create_item_1":["Succeeded"]},"type":"OpenApiConnection","inputs":{"parameters":{"dataset":"https://liquigasportal.sharepoint.com/sites/HSE","parameters/method":"GET","parameters/uri":"_api/web/sitegroups/getbyname('@{outputs('Create_item_1')?['body/Approver/DisplayName']}')/users"},"host":{"apiId":"/providers/Microsoft.PowerApps/apis/shared_sharepointonline","connectionName":"shared_sharepointonline","operationId":"HttpRequest"},"authentication":"@parameters('$authentication')"}},"Parse_JSON_1":{"runAfter":{"Send_an_HTTP_request_to_SharePoint_1":["Succeeded"]},"type":"ParseJson","inputs":{"content":"@body('Send_an_HTTP_request_to_SharePoint_1')","schema":{"type":"object","properties":{"d":{"type":"object","properties":{"results":{"type":"array","items":{"type":"object","properties":{"Id":{"type":"integer"},"Title":{"type":"string"},"Email":{"type":"string"},"LoginName":{"type":"string"},"UserPrincipalName":{"type":"string"}},"required":["Id","Title","Email","LoginName"]}}}}}}}},"Apply_to_each_1":{"foreach":"@body('Parse_JSON_1')?['d']?['results']","actions":{"Append_to_string_variable_1":{"type":"AppendToStringVariable","inputs":{"name":"Emails","value":"@concat(item()?['Email'], ';')"}},"Append_to_string_variable_1_1_1":{"runAfter":{"Append_to_string_variable_1":["Succeeded"]},"type":"AppendToStringVariable","inputs":{"name":"Claims","value":"@concat(item()?['LoginName'], ';')"}}},"runAfter":{"Parse_JSON_1":["Succeeded"]},"type":"Foreach"},"For_each_5":{"foreach":"@outputs('Get_items_2')?['body/value']","actions":{"Send_an_email_(V2)_7":{"type":"OpenApiConnection","inputs":{"parameters":{"emailMessage/To":"@variables('Emails')","emailMessage/Subject":"PPE Form Request _@{items('For_each_5')?['EmployeeRecord/Value']}","emailMessage/Body":"\n  \n    <p>Dear <b>Team Member</b>,</p>\n    <p>You have a new PPE requisition update:</p>\n\n    <table cellpadding=\"0\" cellspacing=\"0\" style=\"border-collapse: collapse; max-width: 600px;\">\n      <tbody><tr>\n        <td style=\"padding: 20px;\">\n          <table cellpadding=\"0\" cellspacing=\"0\">\n            <tbody><tr>\n              <td style=\"font-size: 18px; font-weight: bold; color: #004085;\">\n                🦺 PPE Request Summary\n              </td>\n            </tr>\n            <tr>\n              <td style=\"padding-top: 10px; font-size: 14px;\">\n                <p><b>Reference Number:</b> @{items('For_each_5')?['CoralReferenceNumber']}</p>\n                <p><b>Requester:</b> @{items('For_each_5')?['RequesterName/DisplayName']}</p>\n                <p><b>Department:</b> @{items('For_each_5')?['DepartmentRecord/Value']}</p>\n                <p> <b>Status:</b><span style=\"color: #FB8F00; font-weight: bold;\"> ● Pending </span>\n                </p>\n              </td>\n            </tr>\n            <tr>\n              <td style=\"padding-top: 15px; text-align: center;\">\n                <a href=\"@{variables('BaseUrl')}@{triggerBody()?['PPEForm/Id']}\" style=\"background-color: #DF292B; color: #ffffff; text-decoration: none; \n                          padding: 10px 25px; border-radius: 5px; font-weight: bold; display: inline-block;\">\n                  REVIEW PPE REQUEST\n                </a>\n              </td>\n            </tr>\n          </tbody></table>\n        </td>\n      </tr>\n    </tbody></table>\n\n    <p style=\"font-style: italic; color: #215c4a; font-size: 14px; margin-top: 20px;\">\n      Safety is not an option but a commitment to ourselves, the public, and the environment.\n    </p>\n    ","emailMessage/Importance":"Normal"},"host":{"apiId":"/providers/Microsoft.PowerApps/apis/shared_office365","connectionName":"shared_office365-1","operationId":"SendEmailV2"},"authentication":"@parameters('$authentication')"}}},"runAfter":{"Update_item_1_1":["Succeeded"]},"type":"Foreach"},"Compose_3_1_1":{"runAfter":{"Apply_to_each_1":["Succeeded"]},"type":"Compose","inputs":"@split(variables('Claims'), ';')\r\n"},"Filter_array_1":{"runAfter":{"Compose_3_1_1":["Succeeded"]},"type":"Query","inputs":{"from":"@outputs('Compose_3_1_1')","where":"@not(equals(item(),''))"}},"Apply_to_each_1_2_1":{"foreach":"@body('Filter_array_1')","actions":{"Append_to_array_variable_1":{"type":"AppendToArrayVariable","inputs":{"name":"varClaimsArray","value":{"Claims":"@{items('Apply_to_each_1_2_1')}"}}}},"runAfter":{"Filter_array_1":["Succeeded"]},"type":"Foreach"},"Update_item_1_1":{"runAfter":{"Apply_to_each_1_2_1":["Succeeded"]},"type":"OpenApiConnection","inputs":{"parameters":{"dataset":"https://liquigasportal.sharepoint.com/sites/HSE","table":"3fc7d6d3-5497-4c4b-930f-a083893a2803","id":"@outputs('Create_item_1')?['body/ID']","item/IsFinalApprover":"@if(not(empty(first(body('Get_items')?['value'])?['FOLA']?['Claims'])), false ,true)","item/ApproversName":"@variables('varClaimsArray')"},"host":{"apiId":"/providers/Microsoft.PowerApps/apis/shared_sharepointonline","connectionName":"shared_sharepointonline","operationId":"PatchItem"},"authentication":"@parameters('$authentication')"}}},"type":"Foreach"}}},"Case 3":{"case":3,"actions":{"For_each_6":{"foreach":"@outputs('Get_items')?['body/value']","actions":{"Create_item_2":{"type":"OpenApiConnection","inputs":{"parameters":{"dataset":"https://liquigasportal.sharepoint.com/sites/HSE","table":"3fc7d6d3-5497-4c4b-930f-a083893a2803","item/IsFinalApprover":"@if(not(empty(first(body('Get_items')?['value'])?['FILA']?['Claims'])), false ,true)","item/PPEForm/Id":"@triggerBody()?['PPEForm/Id']","item/SignOffName":"@items('For_each_6')?['FOLADN/Value']","item/Approver/Claims":"@first(body('Get_items')?['value'])?['FOLA']?['Claims']","item/StatusRecord/Id":3,"item/FinalLevel":"@if(not(empty(first(body('Get_items')?['value'])?['FILA']?['Claims'])), 5, if(not(empty(first(body('Get_items')?['value'])?['FOLA']?['Claims'])), 4, if(not(empty(first(body('Get_items')?['value'])?['TLA']?['Claims'])), 3, if(not(empty(first(body('Get_items')?['value'])?['SLA']?['Claims'])), 2, if(not(empty(first(body('Get_items')?['value'])?['FLA']?['Claims'])), 1, 0)))))","item/OrderRecord":4},"host":{"apiId":"/providers/Microsoft.PowerApps/apis/shared_sharepointonline","connectionName":"shared_sharepointonline","operationId":"PostItem"},"authentication":"@parameters('$authentication')"}},"Send_an_HTTP_request_to_SharePoint_2":{"runAfter":{"Create_item_2":["Succeeded"]},"type":"OpenApiConnection","inputs":{"parameters":{"dataset":"https://liquigasportal.sharepoint.com/sites/HSE","parameters/method":"GET","parameters/uri":"_api/web/sitegroups/getbyname('@{outputs('Create_item_2')?['body/Approver/DisplayName']}')/users"},"host":{"apiId":"/providers/Microsoft.PowerApps/apis/shared_sharepointonline","connectionName":"shared_sharepointonline","operationId":"HttpRequest"},"authentication":"@parameters('$authentication')"}},"Parse_JSON_2":{"runAfter":{"Send_an_HTTP_request_to_SharePoint_2":["Succeeded"]},"type":"ParseJson","inputs":{"content":"@body('Send_an_HTTP_request_to_SharePoint_2')","schema":{"type":"object","properties":{"d":{"type":"object","properties":{"results":{"type":"array","items":{"type":"object","properties":{"Id":{"type":"integer"},"Title":{"type":"string"},"Email":{"type":"string"},"LoginName":{"type":"string"},"UserPrincipalName":{"type":"string"}},"required":["Id","Title","Email","LoginName"]}}}}}}}},"Apply_to_each_2":{"foreach":"@body('Parse_JSON_2')?['d']?['results']","actions":{"Append_to_string_variable_2":{"type":"AppendToStringVariable","inputs":{"name":"Emails","value":"@concat(item()?['Email'], ';')"}},"Append_to_string_variable_1_1_1_1":{"runAfter":{"Append_to_string_variable_2":["Succeeded"]},"type":"AppendToStringVariable","inputs":{"name":"Claims","value":"@concat(item()?['LoginName'], ';')"}}},"runAfter":{"Parse_JSON_2":["Succeeded"]},"type":"Foreach"},"For_each_7":{"foreach":"@outputs('Get_items_2')?['body/value']","actions":{"Send_an_email_(V2)_8":{"type":"OpenApiConnection","inputs":{"parameters":{"emailMessage/To":"@variables('Emails')","emailMessage/Subject":"PPE Form Request _ @{items('For_each_7')?['EmployeeRecord/Value']}","emailMessage/Body":"\n  \n    <p>Dear <b>Team Member</b>,</p>\n    <p>You have a new PPE requisition update:</p>\n\n    <table cellpadding=\"0\" cellspacing=\"0\" style=\"border-collapse: collapse; max-width: 600px;\">\n      <tbody><tr>\n        <td style=\"padding: 20px;\">\n          <table cellpadding=\"0\" cellspacing=\"0\">\n            <tbody><tr>\n              <td style=\"font-size: 18px; font-weight: bold; color: #004085;\">\n                🦺 PPE Request Summary\n              </td>\n            </tr>\n            <tr>\n              <td style=\"padding-top: 10px; font-size: 14px;\">\n                <p><b>Reference Number:</b> @{items('For_each_7')?['CoralReferenceNumber']}</p>\n                <p><b>Requester:</b> @{items('For_each_7')?['RequesterName/DisplayName']}</p>\n                <p><b>Department:</b> @{items('For_each_7')?['DepartmentRecord/Value']}</p>\n                <p> <b>Status:</b><span style=\"color: #FB8F00; font-weight: bold;\"> ● Pending </span>\n                </p>\n              </td>\n            </tr>\n            <tr>\n              <td style=\"padding-top: 15px; text-align: center;\">\n                <a href=\"@{variables('BaseURl')}@{triggerBody()?['PPEForm/Id']}\" style=\"background-color: #DF292B; color: #ffffff; text-decoration: none; \n                          padding: 10px 25px; border-radius: 5px; font-weight: bold; display: inline-block;\">\n                  REVIEW PPE REQUEST\n                </a>\n              </td>\n            </tr>\n          </tbody></table>\n        </td>\n      </tr>\n    </tbody></table>\n\n    <p style=\"font-style: italic; color: #215c4a; font-size: 14px; margin-top: 20px;\">\n      Safety is not an option but a commitment to ourselves, the public, and the environment.\n    </p>\n    ","emailMessage/Importance":"Normal"},"host":{"apiId":"/providers/Microsoft.PowerApps/apis/shared_office365","connectionName":"shared_office365-1","operationId":"SendEmailV2"},"authentication":"@parameters('$authentication')"}}},"runAfter":{"Update_item_1_1_1":["Succeeded"]},"type":"Foreach"},"Compose_3_1_1_1":{"runAfter":{"Apply_to_each_2":["Succeeded"]},"type":"Compose","inputs":"@split(variables('Claims'), ';')\r\n"},"Filter_array_1_1":{"runAfter":{"Compose_3_1_1_1":["Succeeded"]},"type":"Query","inputs":{"from":"@outputs('Compose_3_1_1_1')","where":"@not(equals(item(),''))"}},"Apply_to_each_1_2_1_1":{"foreach":"@body('Filter_array_1_1')","actions":{"Append_to_array_variable_2":{"type":"AppendToArrayVariable","inputs":{"name":"varClaimsArray","value":{"Claims":"@{items('Apply_to_each_1_2_1_1')}"}}}},"runAfter":{"Filter_array_1_1":["Succeeded"]},"type":"Foreach"},"Update_item_1_1_1":{"runAfter":{"Apply_to_each_1_2_1_1":["Succeeded"]},"type":"OpenApiConnection","inputs":{"parameters":{"dataset":"https://liquigasportal.sharepoint.com/sites/HSE","table":"3fc7d6d3-5497-4c4b-930f-a083893a2803","id":"@outputs('Create_item_2')?['body/ID']","item/IsFinalApprover":"@if(not(empty(first(body('Get_items')?['value'])?['FILA']?['Claims'])), false ,true)","item/ApproversName":"@variables('varClaimsArray')"},"host":{"apiId":"/providers/Microsoft.PowerApps/apis/shared_sharepointonline","connectionName":"shared_sharepointonline","operationId":"PatchItem"},"authentication":"@parameters('$authentication')"}}},"type":"Foreach"}}},"Case 4":{"case":4,"actions":{"For_each_8":{"foreach":"@outputs('Get_items')?['body/value']","actions":{"Create_item_3":{"type":"OpenApiConnection","inputs":{"parameters":{"dataset":"https://liquigasportal.sharepoint.com/sites/HSE","table":"3fc7d6d3-5497-4c4b-930f-a083893a2803","item/IsFinalApprover":true,"item/PPEForm/Id":"@triggerBody()?['PPEForm/Id']","item/SignOffName":"@items('For_each_8')?['FILADN/Value']","item/Approver/Claims":"@first(body('Get_items')?['value'])?['FILA']?['Claims']","item/StatusRecord/Id":3,"item/FinalLevel":5},"host":{"apiId":"/providers/Microsoft.PowerApps/apis/shared_sharepointonline","connectionName":"shared_sharepointonline","operationId":"PostItem"},"authentication":"@parameters('$authentication')"}},"Send_an_HTTP_request_to_SharePoint_3":{"runAfter":{"Create_item_3":["Succeeded"]},"type":"OpenApiConnection","inputs":{"parameters":{"dataset":"https://liquigasportal.sharepoint.com/sites/HSE","parameters/method":"GET","parameters/uri":"_api/web/sitegroups/getbyname('@{outputs('Create_item_3')?['body/Approver/DisplayName']}')/users"},"host":{"apiId":"/providers/Microsoft.PowerApps/apis/shared_sharepointonline","connectionName":"shared_sharepointonline","operationId":"HttpRequest"},"authentication":"@parameters('$authentication')"}},"Parse_JSON_3":{"runAfter":{"Send_an_HTTP_request_to_SharePoint_3":["Succeeded"]},"type":"ParseJson","inputs":{"content":"@body('Send_an_HTTP_request_to_SharePoint_3')","schema":{"type":"object","properties":{"d":{"type":"object","properties":{"results":{"type":"array","items":{"type":"object","properties":{"Id":{"type":"integer"},"Title":{"type":"string"},"Email":{"type":"string"},"LoginName":{"type":"string"},"UserPrincipalName":{"type":"string"}},"required":["Id","Title","Email","LoginName"]}}}}}}}},"Apply_to_each_3":{"foreach":"@body('Parse_JSON_3')?['d']?['results']","actions":{"Append_to_string_variable_3":{"type":"AppendToStringVariable","inputs":{"name":"Emails","value":"@concat(item()?['Email'], ';')"}},"Append_to_string_variable_1_1_1_1_1":{"runAfter":{"Append_to_string_variable_3":["Succeeded"]},"type":"AppendToStringVariable","inputs":{"name":"Claims","value":"@concat(item()?['LoginName'], ';')"}}},"runAfter":{"Parse_JSON_3":["Succeeded"]},"type":"Foreach"},"For_each_9":{"foreach":"@outputs('Get_items_2')?['body/value']","actions":{"Send_an_email_(V2)_1":{"type":"OpenApiConnection","inputs":{"parameters":{"emailMessage/To":"@variables('Emails')","emailMessage/Subject":"PPE Form Request _@{items('For_each_9')?['EmployeeRecord/Value']}","emailMessage/Body":"\n  \n    <p>Dear <b>Team Member</b>,</p>\n    <p>You have a new PPE requisition update:</p>\n\n    <table cellpadding=\"0\" cellspacing=\"0\" style=\"border-collapse: collapse; max-width: 600px;\">\n      <tbody><tr>\n        <td style=\"padding: 20px;\">\n          <table cellpadding=\"0\" cellspacing=\"0\">\n            <tbody><tr>\n              <td style=\"font-size: 18px; font-weight: bold; color: #004085;\">\n                🦺 PPE Request Summary\n              </td>\n            </tr>\n            <tr>\n              <td style=\"padding-top: 10px; font-size: 14px;\">\n                <p><b>Reference Number:</b> @{items('For_each_9')?['CoralReferenceNumber']}</p>\n                <p><b>Requester:</b> @{items('For_each_9')?['RequesterName/DisplayName']}</p>\n                <p><b>Department:</b>@{items('For_each_9')?['DepartmentRecord/Value']}</p>\n                <p> <b>Status:</b><span style=\"color: #FB8F00; font-weight: bold;\"> ● Pending </span>\n                </p>\n              </td>\n            </tr>\n            <tr>\n              <td style=\"padding-top: 15px; text-align: center;\">\n                <a href=\"@{variables('BaseURl')}@{triggerBody()?['PPEForm/Id']}\" style=\"background-color: #DF292B; color: #ffffff; text-decoration: none; \n                          padding: 10px 25px; border-radius: 5px; font-weight: bold; display: inline-block;\">\n                  REVIEW PPE REQUEST\n                </a>\n              </td>\n            </tr>\n          </tbody></table>\n        </td>\n      </tr>\n    </tbody></table>\n\n    <p style=\"font-style: italic; color: #215c4a; font-size: 14px; margin-top: 20px;\">\n      Safety is not an option but a commitment to ourselves, the public, and the environment.\n    </p>\n    ","emailMessage/Importance":"Normal"},"host":{"apiId":"/providers/Microsoft.PowerApps/apis/shared_office365","connectionName":"shared_office365-1","operationId":"SendEmailV2"},"authentication":"@parameters('$authentication')"}}},"runAfter":{"Update_item_1_1_1_1":["Succeeded"]},"type":"Foreach"},"Compose_3_1_1_1_1":{"runAfter":{"Apply_to_each_3":["Succeeded"]},"type":"Compose","inputs":"@split(variables('Claims'), ';')\r\n"},"Filter_array_1_1_1":{"runAfter":{"Compose_3_1_1_1_1":["Succeeded"]},"type":"Query","inputs":{"from":"@outputs('Compose_3_1_1_1_1')","where":"@not(equals(item(),''))"}},"Apply_to_each_1_2_1_1_1":{"foreach":"@body('Filter_array_1_1_1')","actions":{"Append_to_array_variable_3":{"type":"AppendToArrayVariable","inputs":{"name":"varClaimsArray","value":{"Claims":"@{items('Apply_to_each_1_2_1_1_1')}"}}}},"runAfter":{"Filter_array_1_1_1":["Succeeded"]},"type":"Foreach"},"Update_item_1_1_1_1":{"runAfter":{"Apply_to_each_1_2_1_1_1":["Succeeded"]},"type":"OpenApiConnection","inputs":{"parameters":{"dataset":"https://liquigasportal.sharepoint.com/sites/HSE","table":"3fc7d6d3-5497-4c4b-930f-a083893a2803","id":"@outputs('Create_item_3')?['body/ID']","item/IsFinalApprover":"@true","item/ApproversName":"@variables('varClaimsArray')"},"host":{"apiId":"/providers/Microsoft.PowerApps/apis/shared_sharepointonline","connectionName":"shared_sharepointonline","operationId":"PatchItem"},"authentication":"@parameters('$authentication')"}}},"type":"Foreach"}}}},"default":{"actions":{}},"expression":"@int(triggerBody()?['OrderRecord'])","type":"Switch"}}},"expression":{"and":[{"equals":["@triggerBody()?['OrderRecord']","@triggerBody()?['FinalLevel']"]},{"equals":["@triggerBody()?['StatusRecord/Value']","Approved"]}]},"type":"If"}},"else":{"actions":{"Get_items_3":{"type":"OpenApiConnection","inputs":{"parameters":{"dataset":"https://liquigasportal.sharepoint.com/sites/HSE","table":"3fc7d6d3-5497-4c4b-930f-a083893a2803","$filter":"PPEFormId eq '@{triggerBody()?['PPEForm/Id']}'"},"host":{"apiId":"/providers/Microsoft.PowerApps/apis/shared_sharepointonline","connectionName":"shared_sharepointonline","operationId":"GetItems"},"authentication":"@parameters('$authentication')"}},"Condition_3":{"actions":{"Get_items_4":{"type":"OpenApiConnection","inputs":{"parameters":{"dataset":"https://liquigasportal.sharepoint.com/sites/HSE","table":"3fc7d6d3-5497-4c4b-930f-a083893a2803","$filter":"PPEFormId eq '@{triggerBody()?['PPEForm/Id']}' and OrderRecord ne 1"},"host":{"apiId":"/providers/Microsoft.PowerApps/apis/shared_sharepointonline","connectionName":"shared_sharepointonline","operationId":"GetItems"},"authentication":"@parameters('$authentication')"}},"Condition_4":{"actions":{"Apply_to_each_6":{"foreach":"@outputs('Get_items_3')?['body/value']","actions":{"Compose_3":{"type":"Compose","inputs":"@if(\r\n   empty(variables('Groups')),\r\n   item()?['Approver/DisplayName'],\r\n   concat(variables('Groups'), ';', item()?['Approver/DisplayName'])\r\n)"},"Set_variable_2":{"runAfter":{"Compose_3":["Succeeded"]},"type":"SetVariable","inputs":{"name":"Groups","value":"@outputs('Compose_3')"}}},"type":"Foreach"},"Apply_to_each_7":{"foreach":"@outputs('Get_items_4')?['body/value']","actions":{"Delete_item_1":{"type":"OpenApiConnection","inputs":{"parameters":{"dataset":"https://liquigasportal.sharepoint.com/sites/HSE","table":"3fc7d6d3-5497-4c4b-930f-a083893a2803","id":"@items('Apply_to_each_7')?['ID']"},"host":{"apiId":"/providers/Microsoft.PowerApps/apis/shared_sharepointonline","connectionName":"shared_sharepointonline","operationId":"DeleteItem"},"authentication":"@parameters('$authentication')"}}},"runAfter":{"Apply_to_each_6":["Succeeded"]},"type":"Foreach"},"For_each_11":{"foreach":"@outputs('Get_items_5')?['body/value']","actions":{"Update_item":{"type":"OpenApiConnection","inputs":{"parameters":{"dataset":"https://liquigasportal.sharepoint.com/sites/HSE","table":"3fc7d6d3-5497-4c4b-930f-a083893a2803","id":"@items('For_each_11')?['ID']","item/IsFinalApprover":false,"item/StatusRecord/Id":3},"host":{"apiId":"/providers/Microsoft.PowerApps/apis/shared_sharepointonline","connectionName":"shared_sharepointonline","operationId":"PatchItem"},"authentication":"@parameters('$authentication')"}},"Compose_2":{"runAfter":{"Update_item":["Succeeded"]},"type":"Compose","inputs":"@split(variables('Groups'), ';')"},"Apply_to_each_4":{"foreach":"@outputs('Compose_2')","actions":{"Send_an_HTTP_request_to_SharePoint_4":{"type":"OpenApiConnection","inputs":{"parameters":{"dataset":"https://liquigasportal.sharepoint.com/sites/HSE","parameters/method":"GET","parameters/uri":"_api/web/sitegroups/getbyname('@{items('Apply_to_each_4')}')/users"},"host":{"apiId":"/providers/Microsoft.PowerApps/apis/shared_sharepointonline","connectionName":"shared_sharepointonline","operationId":"HttpRequest"},"authentication":"@parameters('$authentication')"}},"Parse_JSON_4":{"runAfter":{"Send_an_HTTP_request_to_SharePoint_4":["Succeeded"]},"type":"ParseJson","inputs":{"content":"@body('Send_an_HTTP_request_to_SharePoint_4')","schema":{"type":"object","properties":{"d":{"type":"object","properties":{"results":{"type":"array","items":{"type":"object","properties":{"Id":{"type":"integer"},"Title":{"type":"string"},"Email":{"type":"string"},"LoginName":{"type":"string"},"UserPrincipalName":{"type":"string"}},"required":["Id","Title","Email","LoginName"]}}}}}}}},"Apply_to_each_5":{"foreach":"@body('Parse_JSON_4')?['d']?['results']","actions":{"Append_to_string_variable_4":{"type":"AppendToStringVariable","inputs":{"name":"Emails","value":"@concat(item()?['Email'], ';')"}}},"runAfter":{"Parse_JSON_4":["Succeeded"]},"type":"Foreach"}},"runAfter":{"Compose_2":["Succeeded"]},"type":"Foreach"},"For_each_12":{"foreach":"@outputs('Get_items_2')?['body/value']","actions":{"Send_an_email_(V2)_2":{"type":"OpenApiConnection","inputs":{"parameters":{"emailMessage/To":"@outputs('Compose_-_JoinEmails_1')","emailMessage/Subject":"Request Rejected _ @{items('For_each_12')?['EmployeeRecord/Value']}","emailMessage/Body":"\n  \n    <p>Dear <b>Team Member</b>,</p>\n    <p>You have a new PPE requisition update:</p>\n\n    <table cellpadding=\"0\" cellspacing=\"0\" style=\"border-collapse: collapse; max-width: 600px; border-radius: 8px;\">\n      <tbody><tr>\n        <td style=\"padding: 20px;\">\n          <table cellpadding=\"0\" cellspacing=\"0\">\n            <tbody><tr>\n              <td style=\"font-size: 18px; font-weight: bold; color: #004085;\">\n                🦺 PPE Request Summary\n              </td>\n            </tr>\n            <tr>\n              <td style=\"padding-top: 10px; font-size: 14px;\">\n                <p><b>Reference Number:</b> @{items('For_each_12')?['CoralReferenceNumber']}</p>\n                <p><b>Requester:</b> @{items('For_each_12')?['RequesterName/DisplayName']}</p>\n                <p><b>Department:</b> @{items('For_each_12')?['DepartmentRecord/Value']}</p>\n                <p>\n                  <b>Status:</b>\n                  <span style=\"color: #dc3545; font-weight: bold;\">\n                    ✖ Rejected\n                  </span>\n                </p>\n              </td>\n            </tr>\n            <tr>\n              <td style=\"padding-top: 15px; text-align: center;\">\n                <a href=\"@{variables('BaseURl')}@{triggerBody()?['PPEForm/Id']}\" style=\"background-color: #dc3545; color: #ffffff; text-decoration: none; \n                          padding: 10px 25px; border-radius: 6px; font-weight: bold; display: inline-block;\">\n                  REVIEW PPE REQUEST\n                </a>\n              </td>\n            </tr>\n          </tbody></table>\n        </td>\n      </tr>\n    </tbody></table>\n\n    <p style=\"font-style: italic; color: #215c4a; font-size: 14px; margin-top: 20px; text-align: center;\">\n      ‘Safety is not an option but a commitment to ourselves, the public, and the environment.’\n    </p>\n  \n","emailMessage/Importance":"Normal"},"host":{"apiId":"/providers/Microsoft.PowerApps/apis/shared_office365","connectionName":"shared_office365-1","operationId":"SendEmailV2"},"authentication":"@parameters('$authentication')"}}},"runAfter":{"Compose_-_JoinEmails_1":["Succeeded"]},"type":"Foreach"},"Compose_-_Split_1":{"runAfter":{"Apply_to_each_4":["Succeeded"]},"type":"Compose","inputs":"@split(variables('Emails'), ';')"},"Compose_-_AddCreatedBy_1":{"runAfter":{"Compose_-_Split_1":["Succeeded"]},"type":"Compose","inputs":"@union(outputs('Compose_-_Split_1'), createArray(triggerBody()?['Author/Email']))"},"Compose_-_UniqueEmails_1":{"runAfter":{"Compose_-_AddCreatedBy_1":["Succeeded"]},"type":"Compose","inputs":"@union(outputs('Compose_-_AddCreatedBy_1'), outputs('Compose_-_AddCreatedBy_1'))"},"Compose_-_JoinEmails_1":{"runAfter":{"Compose_-_UniqueEmails_1":["Succeeded"]},"type":"Compose","inputs":"@join(outputs('Compose_-_UniqueEmails_1'), ';')"}},"runAfter":{"Apply_to_each_7":["Succeeded"]},"type":"Foreach"}},"runAfter":{"Get_items_4":["Succeeded"]},"else":{"actions":{"Set_variable_3":{"type":"SetVariable","inputs":{"name":"Reason","value":"@triggerBody()?['Reason']"}},"Update_item_2":{"runAfter":{"Set_variable_3":["Succeeded"]},"type":"OpenApiConnection","inputs":{"parameters":{"dataset":"https://liquigasportal.sharepoint.com/sites/HSE","table":"3fc7d6d3-5497-4c4b-930f-a083893a2803","id":"@triggerBody()?['ID']","item/IsFinalApprover":false,"item/StatusRecord/Id":3,"item/Reason":"@null"},"host":{"apiId":"/providers/Microsoft.PowerApps/apis/shared_sharepointonline","connectionName":"shared_sharepointonline","operationId":"PatchItem"},"authentication":"@parameters('$authentication')"}},"Compose_4":{"runAfter":{"Update_item_2":["Succeeded"]},"type":"Compose","inputs":"@if(\r\n   empty(variables('Groups')),\r\n   triggerBody()?['Approver/DisplayName'],\r\n   concat(variables('Groups'), ';', triggerBody()?['Approver/DisplayName'])\r\n)"},"Set_variable_2_1":{"runAfter":{"Compose_4":["Succeeded"]},"type":"SetVariable","inputs":{"name":"Groups","value":"@outputs('Compose_4')"}},"For_each_7_1":{"foreach":"@outputs('Get_items_5')?['body/value']","actions":{"For_each_10":{"foreach":"@outputs('Get_items_2')?['body/value']","actions":{"Send_an_email_(V2)_3":{"type":"OpenApiConnection","inputs":{"parameters":{"emailMessage/To":"@outputs('Compose_-_JoinEmails')","emailMessage/Subject":"Request Rejected _@{items('For_each_10')?['EmployeeRecord/Value']}","emailMessage/Body":"\n  \n    <p>Dear <b>Team Member</b>,</p>\n    <p>You have a new PPE requisition update:</p>\n\n    <table cellpadding=\"0\" cellspacing=\"0\" style=\"border-collapse: collapse; max-width: 600px; border-radius: 8px;\">\n      <tbody><tr>\n        <td style=\"padding: 20px;\">\n          <table cellpadding=\"0\" cellspacing=\"0\">\n            <tbody><tr>\n              <td style=\"font-size: 18px; font-weight: bold; color: #004085;\">\n                🦺 PPE Request Summary\n              </td>\n            </tr>\n            <tr>\n              <td style=\"padding-top: 10px; font-size: 14px;\">\n                <p><b>Reference Number:</b> @{items('For_each_10')?['CoralReferenceNumber']}</p>\n                <p><b>Requester:</b> @{items('For_each_10')?['RequesterName/DisplayName']}</p>\n                <p><b>Department:</b> @{items('For_each_10')?['DepartmentRecord/Value']}</p>\n                <p>\n                  <b>Status:</b>\n                  <span style=\"color: #dc3545; font-weight: bold;\">\n                    ✖ Rejected\n                  </span>\n                </p>\n              </td>\n            </tr>\n            <tr>\n              <td style=\"padding-top: 15px; text-align: center;\">\n                <a href=\"@{variables('BaseURl')}@{triggerBody()?['PPEForm/Id']}\" style=\"background-color: #dc3545; color: #ffffff; text-decoration: none; \n                          padding: 10px 25px; border-radius: 6px; font-weight: bold; display: inline-block;\">\n                  REVIEW PPE REQUEST\n                </a>\n              </td>\n            </tr>\n          </tbody></table>\n        </td>\n      </tr>\n    </tbody></table>\n\n    <p style=\"font-style: italic; color: #215c4a; font-size: 14px; margin-top: 20px; text-align: center;\">\n      ‘Safety is not an option but a commitment to ourselves, the public, and the environment.’\n    </p>\n  ","emailMessage/Importance":"Normal"},"host":{"apiId":"/providers/Microsoft.PowerApps/apis/shared_office365","connectionName":"shared_office365-1","operationId":"SendEmailV2"},"authentication":"@parameters('$authentication')"}}},"runAfter":{"Compose_-_JoinEmails":["Succeeded"]},"type":"Foreach"},"Compose_5":{"type":"Compose","inputs":"@split(variables('Groups'), ';')"},"Apply_to_each_8":{"foreach":"@outputs('Compose_5')","actions":{"Send_an_HTTP_request_to_SharePoint_3_1_2":{"type":"OpenApiConnection","inputs":{"parameters":{"dataset":"https://softflowcloud.sharepoint.com/sites/DEMO/DanielTest","parameters/method":"GET","parameters/uri":"_api/web/sitegroups/getbyname('@{items('Apply_to_each_8')}')/users\n"},"host":{"apiId":"/providers/Microsoft.PowerApps/apis/shared_sharepointonline","connectionName":"shared_sharepointonline","operationId":"HttpRequest"},"authentication":"@parameters('$authentication')"}},"Parse_JSON_3_2":{"runAfter":{"Send_an_HTTP_request_to_SharePoint_3_1_2":["Succeeded"]},"type":"ParseJson","inputs":{"content":"@body('Send_an_HTTP_request_to_SharePoint_3_1_2')","schema":{"type":"object","properties":{"d":{"type":"object","properties":{"results":{"type":"array","items":{"type":"object","properties":{"Id":{"type":"integer"},"Title":{"type":"string"},"Email":{"type":"string"},"LoginName":{"type":"string"},"UserPrincipalName":{"type":"string"}},"required":["Id","Title","Email","LoginName"]}}}}}}}},"Apply_to_each_1_1_1_2":{"foreach":"@body('Parse_JSON_3_2')?['d']?['results']","actions":{"Append_to_string_variable_5":{"type":"AppendToStringVariable","inputs":{"name":"Emails","value":"@concat(item()?['Email'], ';')"}}},"runAfter":{"Parse_JSON_3_2":["Succeeded"]},"type":"Foreach"}},"runAfter":{"Compose_5":["Succeeded"]},"type":"Foreach"},"Compose_-_Split":{"runAfter":{"Apply_to_each_8":["Succeeded"]},"type":"Compose","inputs":"@split(variables('Emails'), ';')"},"Compose_-_AddCreatedBy":{"runAfter":{"Compose_-_Split":["Succeeded"]},"type":"Compose","inputs":"@union(outputs('Compose_-_Split'), createArray(triggerBody()?['Author/Email']))"},"Compose_-_UniqueEmails":{"runAfter":{"Compose_-_AddCreatedBy":["Succeeded"]},"type":"Compose","inputs":"@union(outputs('Compose_-_AddCreatedBy'), outputs('Compose_-_AddCreatedBy'))"},"Compose_-_JoinEmails":{"runAfter":{"Compose_-_UniqueEmails":["Succeeded"]},"type":"Compose","inputs":"@join(outputs('Compose_-_UniqueEmails'), ';')"}},"runAfter":{"Set_variable_2_1":["Succeeded"]},"type":"Foreach"}}},"expression":{"and":[{"not":{"equals":["@length(outputs('Get_items_4')?['body/value'])",0]}}]},"type":"If"}},"runAfter":{"Get_items_3":["Succeeded"]},"else":{"actions":{}},"expression":{"and":[{"equals":["@triggerBody()?['StatusRecord/Value']","Rejected"]}]},"type":"If"}}},"expression":{"and":[{"equals":["@triggerBody()?['StatusRecord/Value']","Approved"]}]},"type":"If"}},"else":{"actions":{}},"expression":{"and":[{"not":{"equals":["@triggerBody()?['StatusRecord/Value']","Pending"]}}]},"type":"If"}},"runAfter":{"Get_items_5":["Succeeded"]},"else":{"actions":{}},"expression":{"and":[{"equals":["@outputs('Get_changes_for_an_item_or_a_file_(properties_only)')?['body/ColumnHasChanged/StatusRecord']","@true"]}]},"type":"If"},"Initialize_variable_3":{"runAfter":{"Initialize_variable_2":["Succeeded"]},"type":"InitializeVariable","inputs":{"variables":[{"name":"Claims","type":"string"}]}},"Initialize_variable_4":{"runAfter":{"Initialize_variable_3":["Succeeded"]},"type":"InitializeVariable","inputs":{"variables":[{"name":"varClaimsArray","type":"array"}]}},"Initialize_variable_5":{"runAfter":{"Initialize_variable_4":["Succeeded"]},"type":"InitializeVariable","inputs":{"variables":[{"name":"Reason","type":"string"}]}},"Get_items_5":{"runAfter":{"Get_items_2":["Succeeded"]},"type":"OpenApiConnection","inputs":{"parameters":{"dataset":"https://liquigasportal.sharepoint.com/sites/HSE","table":"3fc7d6d3-5497-4c4b-930f-a083893a2803","$filter":"PPEFormId eq '@{triggerBody()?['PPEForm/Id']}' and OrderRecord eq 1"},"host":{"apiId":"/providers/Microsoft.PowerApps/apis/shared_sharepointonline","connectionName":"shared_sharepointonline","operationId":"GetItems"},"authentication":"@parameters('$authentication')"}},"Get_PPE_Form_Item_Details_Added_Or_Updated":{"runAfter":{"Initialize_variable_5":["Succeeded"]},"type":"OpenApiConnection","inputs":{"parameters":{"dataset":"https://liquigasportal.sharepoint.com/sites/HSE","table":"8a3e36a4-6063-489f-9bdf-6e05924346b8","$filter":"PPEFormID eq '@{triggerBody()?['PPEForm/Id']}' and (Author/EMail eq '@{triggerBody()?['Editor/Email']}' or Editor/EMail eq '@{triggerBody()?['Editor/Email']}')"},"host":{"apiId":"/providers/Microsoft.PowerApps/apis/shared_sharepointonline","connectionName":"shared_sharepointonline","operationId":"GetItems"},"authentication":"@parameters('$authentication')"}},"Initialize_varItemsTable":{"runAfter":{"Get_PPE_Form_Item_Details_Added_Or_Updated":["Succeeded"]},"type":"InitializeVariable","inputs":{"variables":[{"name":"varItemsTable","type":"string","value":"<table cellpadding=\"8\" cellspacing=\"0\" style=\"margin-top: 20px; border-collapse: collapse; border-radius: 6px; overflow: hidden; font-size: 12px; table-layout: auto; width: 100%; max-width: 1024px;\">\n  <thead>\n    <tr style=\"background-color: #e9f5ee; color: #215c4a; border-bottom: 2px solid #c6e6d3;\">\n      <th style=\"padding: 10px; white-space: nowrap;\">Item</th>\n      <th style=\"padding: 10px; text-align: center; white-space: nowrap;\">Detail/Purpose</th>\n      <th style=\"padding: 10px; text-align: center; white-space: nowrap;\">Quantity</th>\n      <th style=\"padding: 10px; text-align: center; white-space: nowrap;\">Size(s)</th>\n      <th style=\"padding: 10px; text-align: center; white-space: nowrap;\">Brand</th>\n      <th style=\"padding: 10px; text-align: center; white-space: nowrap;\">Modified By</th>\n      <th style=\"padding: 10px; text-align: center; white-space: nowrap;\">Ordered By</th>\n    </tr>\n  </thead>\n  <tbody style=\"text-align: center;\">"}]}},"Apply_to_each_9":{"foreach":"@outputs('Get_PPE_Form_Item_Details_Added_Or_Updated')?['body/value']","actions":{"Compose_The_Size_of_the_Item":{"type":"Compose","inputs":"@if(\r\n  contains(string(items('Apply_to_each_9')), '\"Size\"'),\r\n  if(\r\n    equals(lastIndexOf(items('Apply_to_each_9')['Size'], ','), sub(length(items('Apply_to_each_9')['Size']), 1)),\r\n    substring(items('Apply_to_each_9')['Size'], 0, sub(length(items('Apply_to_each_9')['Size']), 1)),\r\n    items('Apply_to_each_9')['Size']\r\n  ),\r\n  ''\r\n)\r\n\r\n\r\n\r\n"},"Append_to_string_variable_6":{"runAfter":{"Compose_The_Size_of_the_Item":["Succeeded"]},"type":"AppendToStringVariable","inputs":{"name":"varItemsTable","value":"<tr>\n  <td style=\"padding: 8px; border-bottom: 1px solid #e2e2e2; white-space: normal; white-space: nowrap;\">@{items('Apply_to_each_9')?['Item/Value']}</td>\n  <td style=\"padding: 8px; border-bottom: 1px solid #e2e2e2; white-space: normal; word-break: break-word; text-align: center; white-space: nowrap;\">@{items('Apply_to_each_9')?['PPEFormItemDetail/Value']}</td>\n  <td style=\"padding: 8px; border-bottom: 1px solid #e2e2e2; text-align: center; white-space: nowrap;\">@{items('Apply_to_each_9')?['Quantity']}</td>\n<td style=\"padding: 8px; border-bottom: 1px solid #e2e2e2; text-align: center; white-space: nowrap;\">@{outputs('Compose_The_Size_of_the_Item')}</td>\n  <td style=\"padding: 8px; border-bottom: 1px solid #e2e2e2; white-space: normal; text-align: center; white-space: nowrap;\">@{items('Apply_to_each_9')?['Brands']}</td>\n  <td style=\"padding: 8px; border-bottom: 1px solid #e2e2e2; white-space: normal; text-align: center; white-space: nowrap;\">@{items('Apply_to_each_9')?['Author/DisplayName']}</td>\n  <td style=\"padding: 8px; border-bottom: 1px solid #e2e2e2; white-space: normal; text-align: center; white-space: nowrap;\">@{items('Apply_to_each_9')?['Editor/DisplayName']}</td>\n</tr>"}}},"runAfter":{"Initialize_varItemsTable":["Succeeded"]},"type":"Foreach"},"Append_to_vatItemsTable":{"runAfter":{"Apply_to_each_9":["Succeeded"]},"type":"AppendToStringVariable","inputs":{"name":"varItemsTable","value":"</tbody></table>"}}},"outputs":{},"description":""},"connectionReferences":{"shared_sharepointonline":{"connectionName":"95e110c78ef24ecfba667955d1c2f9f3","source":"Embedded","id":"/providers/Microsoft.PowerApps/apis/shared_sharepointonline","tier":"NotSpecified","apiName":"sharepointonline","isProcessSimpleApiReferenceConversionAlreadyDone":false},"shared_office365-1":{"connectionName":"shared-office365-74526e0b-7719-4247-b280-7b5f9821f3ee","source":"Embedded","id":"/providers/Microsoft.PowerApps/apis/shared_office365","tier":"NotSpecified","apiName":"office365","isProcessSimpleApiReferenceConversionAlreadyDone":false}},"flowFailureAlertSubscribed":false,"isManaged":false}}